{
	"format_version": "1.12.0",
	"minecraft:geometry": [
		{
			"description": {
				"identifier": "geometry.mike",
				"texture_width": 64,
				"texture_height": 64,
				"visible_bounds_width": 2,
				"visible_bounds_height": 3.5,
				"visible_bounds_offset": [0, 1.25, 0]
			},
			"bones": [
				{
					"name": "body",
					"pivot": [0, 24, 0],
					"mirror": true,
					"cubes": [
						{"origin": [-4, 12, -2], "size": [8, 12, 4], "pivot": [0, 0, 0], "rotation": [0, 180, 0], "uv": [0, 16], "mirror": false}
					]
				},
				{
					"name": "head",
					"parent": "body",
					"pivot": [0, 24, 0],
					"mirror": true,
					"cubes": [
						{"origin": [-4, 24, -4], "size": [8, 8, 8], "uv": [0, 0], "mirror": false}
					]
				},
				{
					"name": "shades",
					"parent": "head",
					"pivot": [0, 0, 0]
				},
				{
					"name": "glass",
					"parent": "shades",
					"pivot": [0, 24, 0],
					"cubes": [
						{"origin": [-3.5, 26.5, -4.5], "size": [0.5, 3, 1.5], "uv": [34, 56]},
						{"origin": [-1, 26.5, -4.5], "size": [0.5, 3, 1.5], "uv": [34, 56]},
						{"origin": [-3.5, 29, -4.5], "size": [3, 0.5, 1.5], "uv": [34, 56]},
						{"origin": [-3.5, 26.5, -4.5], "size": [3, 0.5, 1.5], "uv": [34, 56]}
					]
				},
				{
					"name": "bone",
					"parent": "glass",
					"pivot": [0, 24, 0]
				},
				{
					"name": "glass2",
					"parent": "shades",
					"pivot": [4, 24, 0],
					"cubes": [
						{"origin": [0.5, 26.5, -4.5], "size": [0.5, 3, 1.5], "uv": [34, 56]},
						{"origin": [-1, 27.8, -4.5], "size": [2, 0.5, 1.5], "uv": [34, 56]},
						{"origin": [3, 26.5, -4.5], "size": [0.5, 3, 1.5], "uv": [34, 56]},
						{"origin": [0.5, 29, -4.5], "size": [3, 0.5, 1.5], "uv": [34, 56]},
						{"origin": [0.5, 26.5, -4.5], "size": [3, 0.5, 1.5], "uv": [34, 56]}
					]
				},
				{
					"name": "bone3",
					"parent": "glass2",
					"pivot": [4, 24, 0]
				},
				{
					"name": "leftArm",
					"parent": "body",
					"pivot": [-5, 22, 0],
					"mirror": true,
					"cubes": [
						{"origin": [-8, 18, -2], "size": [4, 6, 4], "uv": [16, 32], "mirror": false}
					]
				},
				{
					"name": "between",
					"parent": "leftArm",
					"pivot": [-6, 18, 0],
					"cubes": [
						{"origin": [-8, 12, -2], "size": [4, 6, 4], "uv": [0, 48]}
					]
				},
				{
					"name": "rightArm",
					"parent": "body",
					"pivot": [5, 22, 0],
					"mirror": true,
					"cubes": [
						{"origin": [4, 18, -2], "size": [4, 6, 4], "uv": [32, 0], "mirror": false}
					]
				},
				{
					"name": "between2",
					"parent": "rightArm",
					"pivot": [6, 18, 0],
					"cubes": [
						{"origin": [4, 12, -2], "size": [4, 6, 4], "uv": [0, 48]}
					]
				},
				{
					"name": "leftLeg",
					"parent": "body",
					"pivot": [-1.9, 12, 0],
					"mirror": true,
					"cubes": [
						{"origin": [-4, 6, -2], "size": [4, 6, 4], "uv": [24, 16], "mirror": false}
					]
				},
				{
					"name": "leftLeg2",
					"parent": "leftLeg",
					"pivot": [-2, 6, 0],
					"mirror": true,
					"cubes": [
						{"origin": [-4, 0, -2], "size": [4, 6, 4], "uv": [0, 38], "mirror": false}
					]
				},
				{
					"name": "rightLeg",
					"parent": "body",
					"pivot": [1.9, 12, 0],
					"mirror": true,
					"cubes": [
						{"origin": [0, 6, -2], "size": [4, 6, 4], "uv": [24, 16], "mirror": false}
					]
				},
				{
					"name": "rightLeg2",
					"parent": "rightLeg",
					"pivot": [2, 6, 0],
					"cubes": [
						{"origin": [0, 0, -2], "size": [4, 6, 4], "uv": [0, 38]}
					]
				}
			]
		}
	]
}