{
    "entity_sounds": {
        "entities": {
            "en:evil_nun": {
                "volume": 1,
                "pitch": [
                    1,
                    1
                ],
                "events": {
                    "ambient": "nun",
                    "attack": "nun_attack",
                    "step": {
                        "sound": "nun_move",
                        "volume": 1,
                        "pitch": 1
                    }
                    }
                },
                "en:sister_matilda": {
                    "volume": 1,
                    "pitch": [
                        1,
                        1
                    ],
                    "events": {
                        "ambient": "matilda",
                        "hurt": "hurt",
                        "attack": "matilda_attack",
                        "step": {
                            "sound": "nun_move",
                            "volume": 1,
                            "pitch": 1
                        }
                    }
                },
            "en:j": {
                "volume": 1,
                "pitch": [
                    1,
                    1
                ],
                "events": {
                    "death": "j_scream",
                    "step": {
                        "sound": "nun_move",
                        "volume": 1,
                        "pitch": 1
                    }
                    }
                },
            "en:mike": {
                "volume": 1,
                "pitch": [
                    1,
                    1
                ],
                "events": {
                    "ambient": "mike_idle",
                    "hurt": "mike_hit",
                    "death": "mike_scream",
                    "step": {
                        "sound": "nun_move",
                        "volume": 1,
                        "pitch": 1
                    }
                    }
                },
            "en:gummy": {
                "volume": 1,
                "pitch": [
                    1,
                    1
                ],
                "events": {
                    "hurt": "t",
                    "death": "j",
                    "step": {
                        "sound": "gummy_move",
                        "volume": 1,
                        "pitch": 1
                    }
                    }
                },
            "en:rod": {
                "volume": 1,
                "pitch": [
                    1,
                    1
                ],
                "events": {
                    "ambient": "rod",
                    "hurt": "rod_hurt",
                    "attack": "rod_attack",
                    "death": "rod_death",
                    "step": {
                        "sound": "nun_move",
                        "volume": 1,
                        "pitch": 1
                             }
                          }
                      }
                  }
              }
          }
      }
   }
}