{
    "format_version": "1.10.0",
    "minecraft:client_entity": {
        "description": {
            "identifier": "en:mini_rod_office",
            "materials": {
                "default": "zombie"
            },
            "textures": {
                "default": "textures/entities/mini_rod"
            },
            "geometry": {
                "default": "geometry.mini_rod"
            },
            "animations": {
                "walk": "animation.mini_rod.move",
        "idle": "animation.mini_rod.idle",
                "cooldown": "this_is_not_attacking",
                "move": "controller.animation.lilcraft.move"
            },
            "scripts": {
                "animate": [

                              {"idle": "query.variant == 1"},
                    "move"
                ],
                "pre_animation": [
                    "variable.attack = Math.sin(variable.attack_time * 30.0);"
                ]
            },
            "render_controllers": [
                "controller.render.default"
            ],
			"spawn_egg": {
        "texture": "spawn",
        "texture_index": 0
            }
        }
    }
}