{
	"format_version": "1.12.0",
	"minecraft:geometry": [
		{
			"description": {
				"identifier": "geometry.gummy",
				"texture_width": 256,
				"texture_height": 256,
				"visible_bounds_width": 5,
				"visible_bounds_height": 5,
				"visible_bounds_offset": [0, 1.5, 0]
			},
			"bones": [
				{
					"name": "chicken",
					"pivot": [0, 5, 0]
				},
				{
					"name": "body",
					"parent": "chicken",
					"pivot": [0, 5, 0]
				},
				{
					"name": "lower",
					"parent": "body",
					"pivot": [0, 15, 7]
				},
				{
					"name": "lower2",
					"parent": "lower",
					"pivot": [0, 0, 0],
					"rotation": [-7.5, 0, -180]
				},
				{
					"name": "base2",
					"parent": "lower2",
					"pivot": [1, -7.96956, -1.69724],
					"rotation": [-5, 0, 0],
					"cubes": [
						{"origin": [-9.8, -13.7, -5.02177], "size": [19.8, 3.5, 17], "uv": [57, 27]}
					]
				},
				{
					"name": "lower3",
					"parent": "lower",
					"pivot": [0, -2, 0],
					"rotation": [-175, 0, 0]
				},
				{
					"name": "base3",
					"parent": "lower3",
					"pivot": [1, -9.96956, -1.69724],
					"rotation": [-5, 0, 0],
					"cubes": [
						{"origin": [-9.07143, -15.91377, -10.78706], "size": [18, 4, 18], "uv": [54, 54]},
						{"origin": [-8.07143, -11.91377, -10.78706], "size": [16, 3, 17], "uv": [92, 102]},
						{"origin": [-9.57143, -10.91377, -10.28706], "size": [19, 3, 16], "uv": [54, 76]},
						{"origin": [-8.07143, -15.91377, -9.78706], "size": [16, 9, 15], "uv": [47, 95]},
						{"origin": [-10.07143, -15.91377, -10.28706], "size": [20, 5, 17], "uv": [0, 22]}
					]
				},
				{
					"name": "teeth3",
					"parent": "lower",
					"pivot": [0, 3, 0],
					"cubes": [
						{"origin": [-9.01522, 12, -6], "size": [18.4, 1, 0.5], "uv": [54, 48]},
						{"origin": [-9.29289, 12.70711, -6], "size": [1, 1, 0.5], "pivot": [-8.29289, 13.70711, -6], "rotation": [0, 0, -45], "uv": [2, 23]},
						{"origin": [7.67767, 12.70711, -6], "size": [1, 1, 0.5], "pivot": [8.67767, 13.70711, -6], "rotation": [0, 0, -45], "uv": [0, 23]},
						{"origin": [6.26346, 12.70711, -6], "size": [1, 1, 0.5], "pivot": [7.26346, 13.70711, -6], "rotation": [0, 0, -45], "uv": [15, 22]},
						{"origin": [4.84924, 12.70711, -6], "size": [1, 1, 0.5], "pivot": [5.84924, 13.70711, -6], "rotation": [0, 0, -45], "uv": [13, 22]},
						{"origin": [3.43503, 12.70711, -6], "size": [1, 1, 0.5], "pivot": [4.43503, 13.70711, -6], "rotation": [0, 0, -45], "uv": [11, 22]},
						{"origin": [2.02082, 12.70711, -6], "size": [1, 1, 0.5], "pivot": [3.02082, 13.70711, -6], "rotation": [0, 0, -45], "uv": [9, 22]},
						{"origin": [0.6066, 12.70711, -6], "size": [1, 1, 0.5], "pivot": [1.6066, 13.70711, -6], "rotation": [0, 0, -45], "uv": [4, 22]},
						{"origin": [-0.80761, 12.70711, -6], "size": [1, 1, 0.5], "pivot": [0.19239, 13.70711, -6], "rotation": [0, 0, -45], "uv": [2, 22]},
						{"origin": [-2.22183, 12.70711, -6], "size": [1, 1, 0.5], "pivot": [-1.22183, 13.70711, -6], "rotation": [0, 0, -45], "uv": [0, 22]},
						{"origin": [-3.63604, 12.70711, -6], "size": [1, 1, 0.5], "pivot": [-2.63604, 13.70711, -6], "rotation": [0, 0, -45], "uv": [14, 16]},
						{"origin": [-5.05025, 12.70711, -6], "size": [1, 1, 0.5], "pivot": [-4.05025, 13.70711, -6], "rotation": [0, 0, -45], "uv": [12, 16]},
						{"origin": [-6.46447, 12.70711, -6], "size": [1, 1, 0.5], "pivot": [-5.46447, 13.70711, -6], "rotation": [0, 0, -45], "uv": [10, 16]},
						{"origin": [-7.87868, 12.70711, -6], "size": [1, 1, 0.5], "pivot": [-6.87868, 13.70711, -6], "rotation": [0, 0, -45], "uv": [8, 16]}
					]
				},
				{
					"name": "teeth4",
					"parent": "lower",
					"pivot": [0, 3, 0],
					"rotation": [0, -90, 0],
					"cubes": [
						{"origin": [-6, 12, -9.38478], "size": [14.4, 1, 0.5], "uv": [54, 52]},
						{"origin": [-6.27767, 12.70711, -9.38478], "size": [1, 1, 0.5], "pivot": [-5.27767, 13.70711, -9.38478], "rotation": [0, 0, -45], "uv": [6, 16]},
						{"origin": [7.86447, 12.70711, -9.38478], "size": [1, 1, 0.5], "pivot": [8.86447, 13.70711, -9.38478], "rotation": [0, 0, -45], "uv": [4, 16]},
						{"origin": [6.45025, 12.70711, -9.38478], "size": [1, 1, 0.5], "pivot": [7.45025, 13.70711, -9.38478], "rotation": [0, 0, -45], "uv": [2, 16]},
						{"origin": [5.03604, 12.70711, -9.38478], "size": [1, 1, 0.5], "pivot": [6.03604, 13.70711, -9.38478], "rotation": [0, 0, -45], "uv": [0, 16]},
						{"origin": [3.62183, 12.70711, -9.38478], "size": [1, 1, 0.5], "pivot": [4.62183, 13.70711, -9.38478], "rotation": [0, 0, -45], "uv": [15, 6]},
						{"origin": [2.20761, 12.70711, -9.38478], "size": [1, 1, 0.5], "pivot": [3.20761, 13.70711, -9.38478], "rotation": [0, 0, -45], "uv": [15, 5]},
						{"origin": [0.7934, 12.70711, -9.38478], "size": [1, 1, 0.5], "pivot": [1.7934, 13.70711, -9.38478], "rotation": [0, 0, -45], "uv": [15, 4]},
						{"origin": [-0.62082, 12.70711, -9.38478], "size": [1, 1, 0.5], "pivot": [0.37918, 13.70711, -9.38478], "rotation": [0, 0, -45], "uv": [15, 1]},
						{"origin": [-2.03503, 12.70711, -9.38478], "size": [1, 1, 0.5], "pivot": [-1.03503, 13.70711, -9.38478], "rotation": [0, 0, -45], "uv": [15, 0]},
						{"origin": [-3.44924, 12.70711, -9.38478], "size": [1, 1, 0.5], "pivot": [-2.44924, 13.70711, -9.38478], "rotation": [0, 0, -45], "uv": [14, 15]},
						{"origin": [-4.86346, 12.70711, -9.38478], "size": [1, 1, 0.5], "pivot": [-3.86346, 13.70711, -9.38478], "rotation": [0, 0, -45], "uv": [12, 15]}
					]
				},
				{
					"name": "teeth7",
					"parent": "lower",
					"pivot": [-24, 3, 0],
					"rotation": [0, -90, 0],
					"cubes": [
						{"origin": [-30, 12, -15.48478], "size": [14.4, 1, 0.5], "uv": [54, 51]},
						{"origin": [-30.27767, 12.70711, -15.48478], "size": [1, 1, 0.5], "pivot": [-29.27767, 13.70711, -15.48478], "rotation": [0, 0, -45], "uv": [10, 15]},
						{"origin": [-16.13553, 12.70711, -15.48478], "size": [1, 1, 0.5], "pivot": [-15.13553, 13.70711, -15.48478], "rotation": [0, 0, -45], "uv": [8, 15]},
						{"origin": [-17.54975, 12.70711, -15.48478], "size": [1, 1, 0.5], "pivot": [-16.54975, 13.70711, -15.48478], "rotation": [0, 0, -45], "uv": [6, 15]},
						{"origin": [-18.96396, 12.70711, -15.48478], "size": [1, 1, 0.5], "pivot": [-17.96396, 13.70711, -15.48478], "rotation": [0, 0, -45], "uv": [4, 15]},
						{"origin": [-20.37817, 12.70711, -15.48478], "size": [1, 1, 0.5], "pivot": [-19.37817, 13.70711, -15.48478], "rotation": [0, 0, -45], "uv": [2, 15]},
						{"origin": [-21.79239, 12.70711, -15.48478], "size": [1, 1, 0.5], "pivot": [-20.79239, 13.70711, -15.48478], "rotation": [0, 0, -45], "uv": [0, 15]},
						{"origin": [-23.2066, 12.70711, -15.48478], "size": [1, 1, 0.5], "pivot": [-22.2066, 13.70711, -15.48478], "rotation": [0, 0, -45], "uv": [14, 13]},
						{"origin": [-24.62082, 12.70711, -15.48478], "size": [1, 1, 0.5], "pivot": [-23.62082, 13.70711, -15.48478], "rotation": [0, 0, -45], "uv": [14, 12]},
						{"origin": [-26.03503, 12.70711, -15.48478], "size": [1, 1, 0.5], "pivot": [-25.03503, 13.70711, -15.48478], "rotation": [0, 0, -45], "uv": [14, 11]},
						{"origin": [-27.44924, 12.70711, -15.48478], "size": [1, 1, 0.5], "pivot": [-26.44924, 13.70711, -15.48478], "rotation": [0, 0, -45], "uv": [14, 14]},
						{"origin": [-28.86346, 12.70711, -15.48478], "size": [1, 1, 0.5], "pivot": [-27.86346, 13.70711, -15.48478], "rotation": [0, 0, -45], "uv": [12, 14]}
					]
				},
				{
					"name": "legs",
					"parent": "body",
					"pivot": [0, 5, 0]
				},
				{
					"name": "rightLeg",
					"parent": "legs",
					"pivot": [3.5, 1.5, 1.5],
					"cubes": [
						{"origin": [2, 0, 0], "size": [3, 3, 3], "uv": [54, 54]}
					]
				},
				{
					"name": "leftLeg",
					"parent": "legs",
					"pivot": [-3.5, 1.5, 1.5],
					"cubes": [
						{"origin": [-5, 0, 0], "size": [3, 3, 3], "uv": [0, 50]}
					]
				},
				{
					"name": "bone",
					"parent": "body",
					"pivot": [0, 16, 8]
				},
				{
					"name": "upper",
					"parent": "bone",
					"pivot": [0, 15, 8],
					"rotation": [180, 180, 0]
				},
				{
					"name": "lower4",
					"parent": "upper",
					"pivot": [0, -2, 0],
					"rotation": [-7.5, 0, -180]
				},
				{
					"name": "base4",
					"parent": "lower4",
					"pivot": [1, -9.96956, -1.69724],
					"rotation": [-5, 0, 0],
					"cubes": [
						{"origin": [-9.8, -15.7, -5.02177], "size": [19.8, 3.5, 17], "uv": [57, 5]}
					]
				},
				{
					"name": "lower5",
					"parent": "upper",
					"pivot": [0, -4, 0],
					"rotation": [-175, 0, 0]
				},
				{
					"name": "base5",
					"parent": "lower5",
					"pivot": [1, -11.96956, -1.69724],
					"rotation": [-5, 0, 0],
					"cubes": [
						{"origin": [-9.07143, -17.91377, -10.78706], "size": [18, 4, 18], "uv": [0, 44]},
						{"origin": [-10, -25.91377, -10.78706], "size": [20, 8, 4], "uv": [108, 47]},
						{"origin": [-9.57143, -12.91377, -10.28706], "size": [19, 3, 16], "uv": [0, 66]},
						{"origin": [-8.07143, -17.91377, -9.78706], "size": [16, 9, 15], "uv": [57, 70]},
						{"origin": [-10.07143, -17.91377, -10.28706], "size": [20, 5, 17], "uv": [0, 0]}
					]
				},
				{
					"name": "teeth2",
					"parent": "upper",
					"pivot": [0, 1, 0],
					"cubes": [
						{"origin": [-9.01522, 10, -6], "size": [18.4, 1, 0.5], "uv": [54, 47]},
						{"origin": [-9.29289, 10.70711, -6], "size": [1, 1, 0.5], "pivot": [-8.29289, 11.70711, -6], "rotation": [0, 0, -45], "uv": [13, 6]},
						{"origin": [7.67767, 10.70711, -6], "size": [1, 1, 0.5], "pivot": [8.67767, 11.70711, -6], "rotation": [0, 0, -45], "uv": [13, 5]},
						{"origin": [6.26346, 10.70711, -6], "size": [1, 1, 0.5], "pivot": [7.26346, 11.70711, -6], "rotation": [0, 0, -45], "uv": [13, 4]},
						{"origin": [4.84924, 10.70711, -6], "size": [1, 1, 0.5], "pivot": [5.84924, 11.70711, -6], "rotation": [0, 0, -45], "uv": [12, 13]},
						{"origin": [3.43503, 10.70711, -6], "size": [1, 1, 0.5], "pivot": [4.43503, 11.70711, -6], "rotation": [0, 0, -45], "uv": [12, 11]},
						{"origin": [2.02082, 10.70711, -6], "size": [1, 1, 0.5], "pivot": [3.02082, 11.70711, -6], "rotation": [0, 0, -45], "uv": [12, 12]},
						{"origin": [0.6066, 10.70711, -6], "size": [1, 1, 0.5], "pivot": [1.6066, 11.70711, -6], "rotation": [0, 0, -45], "uv": [11, 6]},
						{"origin": [-0.80761, 10.70711, -6], "size": [1, 1, 0.5], "pivot": [0.19239, 11.70711, -6], "rotation": [0, 0, -45], "uv": [11, 5]},
						{"origin": [-2.22183, 10.70711, -6], "size": [1, 1, 0.5], "pivot": [-1.22183, 11.70711, -6], "rotation": [0, 0, -45], "uv": [11, 4]},
						{"origin": [-3.63604, 10.70711, -6], "size": [1, 1, 0.5], "pivot": [-2.63604, 11.70711, -6], "rotation": [0, 0, -45], "uv": [9, 6]},
						{"origin": [-5.05025, 10.70711, -6], "size": [1, 1, 0.5], "pivot": [-4.05025, 11.70711, -6], "rotation": [0, 0, -45], "uv": [9, 5]},
						{"origin": [-6.46447, 10.70711, -6], "size": [1, 1, 0.5], "pivot": [-5.46447, 11.70711, -6], "rotation": [0, 0, -45], "uv": [9, 4]},
						{"origin": [-7.87868, 10.70711, -6], "size": [1, 1, 0.5], "pivot": [-6.87868, 11.70711, -6], "rotation": [0, 0, -45], "uv": [9, 1]}
					]
				},
				{
					"name": "teeth5",
					"parent": "upper",
					"pivot": [0, 1, 0],
					"rotation": [0, -90, 0],
					"cubes": [
						{"origin": [-6, 10, -9.38478], "size": [14.4, 1, 0.5], "uv": [54, 50]},
						{"origin": [-6.27767, 10.70711, -9.38478], "size": [1, 1, 0.5], "pivot": [-5.27767, 11.70711, -9.38478], "rotation": [0, 0, -45], "uv": [9, 0]},
						{"origin": [7.86447, 10.70711, -9.38478], "size": [1, 1, 0.5], "pivot": [8.86447, 11.70711, -9.38478], "rotation": [0, 0, -45], "uv": [4, 6]},
						{"origin": [6.45025, 10.70711, -9.38478], "size": [1, 1, 0.5], "pivot": [7.45025, 11.70711, -9.38478], "rotation": [0, 0, -45], "uv": [2, 6]},
						{"origin": [5.03604, 10.70711, -9.38478], "size": [1, 1, 0.5], "pivot": [6.03604, 11.70711, -9.38478], "rotation": [0, 0, -45], "uv": [0, 6]},
						{"origin": [3.62183, 10.70711, -9.38478], "size": [1, 1, 0.5], "pivot": [4.62183, 11.70711, -9.38478], "rotation": [0, 0, -45], "uv": [4, 5]},
						{"origin": [2.20761, 10.70711, -9.38478], "size": [1, 1, 0.5], "pivot": [3.20761, 11.70711, -9.38478], "rotation": [0, 0, -45], "uv": [2, 5]},
						{"origin": [0.7934, 10.70711, -9.38478], "size": [1, 1, 0.5], "pivot": [1.7934, 11.70711, -9.38478], "rotation": [0, 0, -45], "uv": [0, 5]},
						{"origin": [-0.62082, 10.70711, -9.38478], "size": [1, 1, 0.5], "pivot": [0.37918, 11.70711, -9.38478], "rotation": [0, 0, -45], "uv": [4, 3]},
						{"origin": [-2.03503, 10.70711, -9.38478], "size": [1, 1, 0.5], "pivot": [-1.03503, 11.70711, -9.38478], "rotation": [0, 0, -45], "uv": [4, 2]},
						{"origin": [-3.44924, 10.70711, -9.38478], "size": [1, 1, 0.5], "pivot": [-2.44924, 11.70711, -9.38478], "rotation": [0, 0, -45], "uv": [4, 1]},
						{"origin": [-4.86346, 10.70711, -9.38478], "size": [1, 1, 0.5], "pivot": [-3.86346, 11.70711, -9.38478], "rotation": [0, 0, -45], "uv": [4, 0]}
					]
				},
				{
					"name": "teeth6",
					"parent": "upper",
					"pivot": [-24, 1, 0],
					"rotation": [0, -90, 0],
					"cubes": [
						{"origin": [-30, 10, -15.48478], "size": [14.4, 1, 0.5], "uv": [54, 49]},
						{"origin": [-30.27767, 10.70711, -15.48478], "size": [1, 1, 0.5], "pivot": [-29.27767, 11.70711, -15.48478], "rotation": [0, 0, -45], "uv": [4, 4]},
						{"origin": [-16.13553, 10.70711, -15.48478], "size": [1, 1, 0.5], "pivot": [-15.13553, 11.70711, -15.48478], "rotation": [0, 0, -45], "uv": [2, 4]},
						{"origin": [-17.54975, 10.70711, -15.48478], "size": [1, 1, 0.5], "pivot": [-16.54975, 11.70711, -15.48478], "rotation": [0, 0, -45], "uv": [0, 4]},
						{"origin": [-18.96396, 10.70711, -15.48478], "size": [1, 1, 0.5], "pivot": [-17.96396, 11.70711, -15.48478], "rotation": [0, 0, -45], "uv": [2, 3]},
						{"origin": [-20.37817, 10.70711, -15.48478], "size": [1, 1, 0.5], "pivot": [-19.37817, 11.70711, -15.48478], "rotation": [0, 0, -45], "uv": [0, 3]},
						{"origin": [-21.79239, 10.70711, -15.48478], "size": [1, 1, 0.5], "pivot": [-20.79239, 11.70711, -15.48478], "rotation": [0, 0, -45], "uv": [2, 1]},
						{"origin": [-23.2066, 10.70711, -15.48478], "size": [1, 1, 0.5], "pivot": [-22.2066, 11.70711, -15.48478], "rotation": [0, 0, -45], "uv": [2, 0]},
						{"origin": [-24.62082, 10.70711, -15.48478], "size": [1, 1, 0.5], "pivot": [-23.62082, 11.70711, -15.48478], "rotation": [0, 0, -45], "uv": [2, 2]},
						{"origin": [-26.03503, 10.70711, -15.48478], "size": [1, 1, 0.5], "pivot": [-25.03503, 11.70711, -15.48478], "rotation": [0, 0, -45], "uv": [0, 2]},
						{"origin": [-27.44924, 10.70711, -15.48478], "size": [1, 1, 0.5], "pivot": [-26.44924, 11.70711, -15.48478], "rotation": [0, 0, -45], "uv": [0, 1]},
						{"origin": [-28.86346, 10.70711, -15.48478], "size": [1, 1, 0.5], "pivot": [-27.86346, 11.70711, -15.48478], "rotation": [0, 0, -45], "uv": [0, 0]}
					]
				},
				{
					"name": "wings",
					"parent": "bone",
					"pivot": [0, 5, 0]
				},
				{
					"name": "left",
					"parent": "wings",
					"pivot": [-10, 25, 2],
					"cubes": [
						{"origin": [-11, 17, -2], "size": [2, 9, 8], "pivot": [-10, 25, 0], "rotation": [-12.5, 0, 20], "uv": [13, 86]},
						{"origin": [-12.7, 13.92009, -3], "size": [1, 4, 7], "pivot": [-12.27708, 18.92009, -0.51508], "rotation": [-12.5, 0, 20], "uv": [0, 22]},
						{"origin": [-14.14202, 11.16784, -3.06915], "size": [0.5, 3, 5], "pivot": [-13.61273, 14.25042, -0.38084], "rotation": [-12.5, 0, 2.5], "uv": [0, 42]}
					]
				},
				{
					"name": "right",
					"parent": "wings",
					"pivot": [10, 24, 0],
					"rotation": [17.5, -170, 0],
					"cubes": [
						{"origin": [9.48559, 16.71272, -4.01323], "size": [2, 9, 8], "pivot": [10.48559, 24.71272, -2.01323], "rotation": [-12.5, 0, 20], "uv": [112, 0]},
						{"origin": [7.78559, 13.63281, -5.01323], "size": [1, 4, 7], "pivot": [8.20851, 18.63281, -2.52831], "rotation": [-12.5, 0, 20], "uv": [0, 0]},
						{"origin": [6.34357, 10.88056, -5.08238], "size": [0.5, 3, 5], "pivot": [6.87286, 13.96314, -2.39407], "rotation": [-12.5, 0, 2.5], "uv": [0, 39]}
					]
				},
				{
					"name": "head",
					"parent": "bone",
					"pivot": [0, 5, 0],
					"cubes": [
						{"origin": [-4.5, 27, -4], "size": [9, 9, 9], "uv": [0, 109]},
						{"origin": [-5.5, 27, -5], "size": [11, 3, 11], "uv": [108, 76]},
						{"origin": [-4, 36, -3.5], "size": [8, 1, 8], "uv": [108, 59]},
						{"origin": [-3.5, 37, -3], "size": [7, 1, 7], "uv": [117, 90]},
						{"origin": [0, 37, -3.5], "size": [0, 4, 6], "uv": [0, 5]},
						{"origin": [-2.5, 31, -7], "size": [5, 2, 3], "uv": [15, 97]},
						{"origin": [-1, 29, -6], "size": [2, 2, 2], "uv": [9, 0]}
					]
				}
			]
		}
	]
}