{
	"format_version": "1.12.0",
	"minecraft:geometry": [
		{
			"description": {
				"identifier": "geometry.hammer",
				"texture_width": 64,
				"texture_height": 64,
				"visible_bounds_width": 4,
				"visible_bounds_height": 3.5,
				"visible_bounds_offset": [0, 1.25, 0]
			},
			"bones": [
				{
					"name": "root",
					"pivot": [0, 0, 0]
				},
				{
					"name": "waist",
					"parent": "root",
					"pivot": [0, 12, 0]
				},
				{
					"name": "body",
					"parent": "waist",
					"pivot": [0, 24, 0]
				},
				{
					"name": "head",
					"parent": "body",
					"pivot": [0, 24, 0]
				},
				{
					"name": "hat",
					"parent": "head",
					"pivot": [0, 24, 0]
				},
				{
					"name": "cape",
					"parent": "body",
					"pivot": [0, 24, 3]
				},
				{
					"name": "leftArm",
					"parent": "body",
					"pivot": [5, 22, 0]
				},
				{
					"name": "leftSleeve",
					"parent": "leftArm",
					"pivot": [5, 22, 0]
				},
				{
					"name": "leftItem",
					"parent": "leftArm",
					"pivot": [6, 15, 1]
				},
				{
					"name": "rightArm",
					"parent": "body",
					"pivot": [-5, 22, 0]
				},
				{
					"name": "rightSleeve",
					"parent": "rightArm",
					"pivot": [-5, 22, 0]
				},
				{
					"name": "rightItem",
					"parent": "rightArm",
					"pivot": [-6, 15, 1],
					"locators": {
						"lead_hold": [-6, 15, 1]
					}
				},
				{
					"name": "bb_main",
					"parent": "rightItem",
					"pivot": [-6, 14, 3],
					"rotation": [90, 0, 0],
					"cubes": [
						{"origin": [-8, 19.92782, 0.41687], "size": [3.5, 21, 3.5], "pivot": [-6, 25.92782, 2.91687], "rotation": [180, 0, 0], "uv": [0, 40]},
						{"origin": [-8, 15.5, 0.41687], "size": [3.5, 3.2, 3.5], "pivot": [-6, 25.92782, 2.91687], "rotation": [180, 0, 0], "uv": [0, 40]},
						{"origin": [-9.2, 15.92782, -1.8], "size": [5.9, 6, 9.9], "pivot": [-6, 25.92782, 2.91687], "rotation": [180, 0, 0], "uv": [22, 49]},
						{"origin": [-9.2, 25.85699, 2.64091], "size": [5.9, 1.8, 4.9], "pivot": [-6, 29.85699, 7.35778], "rotation": [180, 0, 0], "uv": [27, 51]},
						{"origin": [-9.2, 12.75475, 6.46379], "size": [5.9, 2, 4.9], "pivot": [-6, 22.75475, 11.18066], "rotation": [-155, 0, 0], "uv": [24, 44]},
						{"origin": [-9.2, 18.69366, -0.72072], "size": [5.9, 2, 4.9], "pivot": [-6, 27.69366, 3.99615], "rotation": [155, 0, 0], "uv": [26, 52]}
					]
				},
				{
					"name": "Front",
					"parent": "bb_main",
					"pivot": [-6, 14, 3]
				},
				{
					"name": "Back",
					"parent": "bb_main",
					"pivot": [-6, 14, 3],
					"rotation": [0, 180, 0]
				},
				{
					"name": "jacket",
					"parent": "body",
					"pivot": [0, 24, 0]
				},
				{
					"name": "leftLeg",
					"parent": "root",
					"pivot": [1.9, 12, 0]
				},
				{
					"name": "leftPants",
					"parent": "leftLeg",
					"pivot": [1.9, 12, 0]
				},
				{
					"name": "rightLeg",
					"parent": "root",
					"pivot": [-1.9, 12, 0]
				},
				{
					"name": "rightPants",
					"parent": "rightLeg",
					"pivot": [-1.9, 12, 0]
				}
			]
		}
	]
}