{
	"format_version": "1.12.0",
	"minecraft:geometry": [
		{
			"description": {
				"identifier": "geometry.rod_down",
				"texture_width": 224,
				"texture_height": 224,
				"visible_bounds_width": 10,
				"visible_bounds_height": 10,
				"visible_bounds_offset": [0, 4, 0]
			},
			"bones": [
				{
					"name": "rod_main",
					"pivot": [0, 8, -50],
					"rotation": [-90, 0, 0]
				},
				{
					"name": "rod",
					"parent": "rod_main",
					"pivot": [0, 5, -50]
				},
				{
					"name": "main",
					"parent": "rod",
					"pivot": [0, 5, -50]
				},
				{
					"name": "upper",
					"parent": "main",
					"pivot": [0, 55, -43],
					"rotation": [0, 0, -7.5]
				},
				{
					"name": "body",
					"parent": "upper",
					"pivot": [0, 5, -50]
				},
				{
					"name": "arms",
					"parent": "body",
					"pivot": [0, 5, -50]
				},
				{
					"name": "leftArm",
					"parent": "arms",
					"pivot": [14, 87, -48],
					"rotation": [7.5, 0, -7.5]
				},
				{
					"name": "limbs",
					"parent": "leftArm",
					"pivot": [0, 5, -50]
				},
				{
					"name": "limb1",
					"parent": "limbs",
					"pivot": [0, 5, -50],
					"cubes": [
						{"origin": [13.68063, 70.28094, -53], "size": [9, 12, 9.5], "pivot": [2.50334, 74.75438, -49.32705], "rotation": [0, 0, -30], "uv": [77, 144]}
					]
				},
				{
					"name": "limb2",
					"parent": "limbs",
					"pivot": [6, -7, -50],
					"cubes": [
						{"origin": [15.28839, 61.85265, -52], "size": [7, 12, 7], "pivot": [2.50334, 74.75438, -49.32705], "rotation": [0, 0, -20], "uv": [188, 67]}
					]
				},
				{
					"name": "limb3",
					"parent": "limbs",
					"pivot": [23, 69, -48],
					"cubes": [
						{"origin": [20.85733, 50.5516, -52], "size": [7, 1, 7], "uv": [153, 27]},
						{"origin": [17.61184, 48.44074, -52], "size": [7, 18, 7], "pivot": [2.50334, 74.75438, -49.32705], "rotation": [0, 0, -7.5], "uv": [63, 165]}
					]
				},
				{
					"name": "hand",
					"parent": "limb3",
					"pivot": [0, 5, -50],
					"cubes": [
						{"origin": [25, 45, -51], "size": [2, 4, 5], "uv": [31, 130]},
						{"origin": [24, 45, -51], "size": [3, 2, 5], "uv": [19, 50]},
						{"origin": [22, 49, -51], "size": [5, 2, 5], "uv": [83, 97]},
						{"origin": [22, 47, -51], "size": [2, 4, 2], "uv": [53, 102]}
					]
				},
				{
					"name": "rightArm",
					"parent": "arms",
					"pivot": [-13, 87, -50],
					"rotation": [5, 0, 55]
				},
				{
					"name": "limbs2",
					"parent": "rightArm",
					"pivot": [0, 5, -50]
				},
				{
					"name": "limb4",
					"parent": "limbs2",
					"pivot": [0, 5, -50],
					"cubes": [
						{"origin": [-22.00986, 67.7776, -53.5], "size": [9, 12, 9.5], "pivot": [2.50334, 74.75438, -49.32705], "rotation": [0, 0, 30], "uv": [119, 140]}
					]
				},
				{
					"name": "limb5",
					"parent": "limbs2",
					"pivot": [6, -7, -50],
					"cubes": [
						{"origin": [-22.6072, 64.19055, -52], "size": [7, 12, 7], "pivot": [2.50334, 74.75438, -49.32705], "rotation": [0, 0, 10], "uv": [181, 46]}
					]
				},
				{
					"name": "limb6",
					"parent": "limbs2",
					"pivot": [-21, 69, -49]
				},
				{
					"name": "limb7",
					"parent": "limb6",
					"pivot": [-20, 67, -48],
					"cubes": [
						{"origin": [-24.0601, 49.71144, -52], "size": [7, 19, 7], "uv": [86, 50]}
					]
				},
				{
					"name": "hand2",
					"parent": "limb7",
					"pivot": [4, 4, -50],
					"cubes": [
						{"origin": [-23.5, 42, -51], "size": [2.5, 6, 5], "uv": [23, 0]},
						{"origin": [-23, 42, -51], "size": [5, 2, 5], "uv": [35, 97]},
						{"origin": [-23.5, 48, -51], "size": [5.5, 2, 5], "uv": [83, 18]},
						{"origin": [-20, 46, -51], "size": [2, 4, 2], "uv": [0, 97]}
					]
				},
				{
					"name": "ribbons",
					"parent": "body",
					"pivot": [-38, 4, -46]
				},
				{
					"name": "ribbon2",
					"parent": "ribbons",
					"pivot": [-0.02042, 90.55486, -55.97059],
					"rotation": [0, 180, -7.5],
					"cubes": [
						{"origin": [-1.22074, 88.85444, -57.5], "size": [3, 3, 3], "uv": [0, 219]},
						{"origin": [1.49019, 87.73255, -56.94118], "size": [5, 3, 2], "pivot": [-2.00981, 89.23255, -55.94118], "rotation": [0, 0, -17.5], "uv": [0, 219]},
						{"origin": [3.06301, 88.19511, -56.94118], "size": [4, 3, 2], "pivot": [4.56301, 95.69511, -55.94118], "rotation": [0, 0, 17.5], "uv": [0, 219]},
						{"origin": [5.13417, 86.73872, -56.94118], "size": [3, 1, 2], "pivot": [-5.36583, 86.23872, -55.94118], "rotation": [0, 0, -27.5], "uv": [0, 219]},
						{"origin": [5.84238, 92.67659, -56.94118], "size": [0.5, 1, 2], "pivot": [6.84238, 93.17659, -55.94118], "rotation": [0, 0, 7.5], "uv": [0, 219]},
						{"origin": [5.58133, 87.01519, -56.94118], "size": [0.5, 1, 2], "pivot": [6.58133, 89.51519, -55.94118], "rotation": [0, 0, -7.5], "uv": [0, 219]},
						{"origin": [5.33266, 92.12236, -56.94118], "size": [0.5, 1, 2], "pivot": [6.33266, 92.62236, -55.94118], "rotation": [0, 0, 67.5], "uv": [0, 219]},
						{"origin": [3.48071, 90.35817, -56.94118], "size": [0.5, 1, 2], "pivot": [7.48071, 90.85817, -55.94118], "rotation": [0, 0, -67.5], "uv": [0, 219]},
						{"origin": [6.11086, 91.68881, -56.94118], "size": [1.5, 2, 2], "pivot": [6.11086, 93.18881, -55.94118], "rotation": [0, 0, 80], "uv": [0, 219]},
						{"origin": [6.13742, 90.0058, -56.94118], "size": [0.5, 2, 2], "pivot": [6.38742, 91.5058, -55.94118], "rotation": [0, 0, 85], "uv": [0, 219]},
						{"origin": [7.15731, 90.55033, -56.94118], "size": [0.5, 2, 2], "pivot": [6.40731, 92.05033, -55.94118], "rotation": [0, 0, 90], "uv": [0, 219]},
						{"origin": [7.1905, 90.07142, -56.94118], "size": [0.5, 2, 2], "pivot": [6.4405, 91.57142, -55.94118], "rotation": [0, 0, 92.5], "uv": [0, 219]},
						{"origin": [5.14783, 88.59289, -56.94118], "size": [0.5, 2, 2], "pivot": [5.39783, 90.09289, -55.94118], "rotation": [0, 0, -92.5], "uv": [0, 219]},
						{"origin": [6.15731, 89.15856, -56.94118], "size": [0.5, 2, 2], "pivot": [6.40731, 89.65856, -55.94118], "rotation": [0, 0, -90], "uv": [0, 219]},
						{"origin": [7.05027, 87.7069, -56.94118], "size": [0.5, 2, 2], "pivot": [6.30027, 88.2069, -55.94118], "rotation": [0, 0, -85], "uv": [0, 219]},
						{"origin": [6.11086, 87.02008, -56.94118], "size": [1.5, 2, 2], "pivot": [6.11086, 87.52008, -55.94118], "rotation": [0, 0, -80], "uv": [0, 219]},
						{"origin": [5.13417, 92.97017, -56.94118], "size": [3, 1, 2], "pivot": [-5.36583, 94.47017, -55.94118], "rotation": [0, 0, 27.5], "uv": [0, 219]}
					]
				},
				{
					"name": "ribbon",
					"parent": "ribbons",
					"pivot": [-38, 4, -46],
					"cubes": [
						{"origin": [0.71093, 87.87811, -57], "size": [5, 3, 2], "pivot": [-2.78907, 89.37811, -56], "rotation": [0, 0, -17.5], "uv": [0, 219]},
						{"origin": [2.28375, 88.34067, -57], "size": [4, 3, 2], "pivot": [3.78375, 95.84067, -56], "rotation": [0, 0, 17.5], "uv": [0, 219]},
						{"origin": [4.35491, 86.88427, -57], "size": [3, 1, 2], "pivot": [-6.14509, 86.38427, -56], "rotation": [0, 0, -27.5], "uv": [0, 219]},
						{"origin": [5.06312, 92.82215, -57], "size": [0.5, 1, 2], "pivot": [6.06312, 93.32215, -56], "rotation": [0, 0, 7.5], "uv": [0, 219]},
						{"origin": [4.80207, 87.16074, -57], "size": [0.5, 1, 2], "pivot": [5.80207, 89.66074, -56], "rotation": [0, 0, -7.5], "uv": [0, 219]},
						{"origin": [4.5534, 92.26791, -57], "size": [0.5, 1, 2], "pivot": [5.5534, 92.76791, -56], "rotation": [0, 0, 67.5], "uv": [0, 219]},
						{"origin": [2.70145, 90.50373, -57], "size": [0.5, 1, 2], "pivot": [6.70145, 91.00373, -56], "rotation": [0, 0, -67.5], "uv": [0, 219]},
						{"origin": [5.3316, 91.83437, -57], "size": [1.5, 2, 2], "pivot": [5.3316, 93.33437, -56], "rotation": [0, 0, 80], "uv": [0, 219]},
						{"origin": [5.35817, 90.15135, -57], "size": [0.5, 2, 2], "pivot": [5.60817, 91.65135, -56], "rotation": [0, 0, 85], "uv": [0, 219]},
						{"origin": [6.37805, 90.69588, -57], "size": [0.5, 2, 2], "pivot": [5.62805, 92.19588, -56], "rotation": [0, 0, 90], "uv": [0, 219]},
						{"origin": [6.41124, 90.21698, -57], "size": [0.5, 2, 2], "pivot": [5.66124, 91.71698, -56], "rotation": [0, 0, 92.5], "uv": [0, 219]},
						{"origin": [4.36857, 88.73845, -57], "size": [0.5, 2, 2], "pivot": [4.61857, 90.23845, -56], "rotation": [0, 0, -92.5], "uv": [0, 219]},
						{"origin": [5.37805, 89.30412, -57], "size": [0.5, 2, 2], "pivot": [5.62805, 89.80412, -56], "rotation": [0, 0, -90], "uv": [0, 219]},
						{"origin": [6.27101, 87.85245, -57], "size": [0.5, 2, 2], "pivot": [5.52101, 88.35245, -56], "rotation": [0, 0, -85], "uv": [0, 219]},
						{"origin": [5.3316, 87.16563, -57], "size": [1.5, 2, 2], "pivot": [5.3316, 87.66563, -56], "rotation": [0, 0, -80], "uv": [0, 219]},
						{"origin": [4.35491, 93.11573, -57], "size": [3, 1, 2], "pivot": [-6.14509, 94.61573, -56], "rotation": [0, 0, 27.5], "uv": [0, 219]}
					]
				},
				{
					"name": "torso",
					"parent": "body",
					"pivot": [0, 63, -50],
					"cubes": [
						{"origin": [-16.22309, 92.11411, -50], "size": [17, 1, 4], "pivot": [2.50334, 74.75438, -49.32705], "rotation": [0, 0, -2.5], "uv": [0, 155]},
						{"origin": [-16.22309, 91.61411, -51], "size": [17, 1, 6], "pivot": [2.50334, 74.75438, -49.32705], "rotation": [0, 0, -2.5], "uv": [149, 67]},
						{"origin": [-0.77215, 91.39573, -51], "size": [17, 1, 6], "pivot": [2.50334, 74.75438, -49.32705], "rotation": [0, 0, 2.5], "uv": [146, 141]},
						{"origin": [-14.5, 89.06783, -49.708], "size": [29, 2, 6], "pivot": [2.50334, 74.75438, -49.32705], "rotation": [12.5, 0, 0], "uv": [83, 27]},
						{"origin": [-11.5, 69.31127, -64.70725], "size": [23, 13, 37], "pivot": [2.50334, 74.75438, -49.32705], "rotation": [-90, 0, 0], "uv": [0, 0]},
						{"origin": [-11.47111, 66.96059, -29.70725], "size": [22.9, 1, 1], "pivot": [-0.56777, 74.4037, -49.32705], "rotation": [-90, 0, 0], "uv": [86, 80]},
						{"origin": [-8.5, 67.31127, -57.70725], "size": [17, 1, 29], "pivot": [2.50334, 74.75438, -49.32705], "rotation": [-90, 0, 0], "uv": [86, 50]},
						{"origin": [-8.78877, 66.83738, -55.70725], "size": [2, 1, 17], "pivot": [2.21457, 74.28049, -49.32705], "rotation": [-90, 0, 2.5], "uv": [151, 123]},
						{"origin": [-10.75573, 49.25308, -55.70725], "size": [3, 1, 11], "pivot": [1.24761, 56.69619, -49.32705], "rotation": [-90, 0, 12.5], "uv": [0, 184]},
						{"origin": [7.19186, 54.0162, -55.70725], "size": [3, 1, 11], "pivot": [20.1952, 61.45931, -49.32705], "rotation": [-90, 0, -12.5], "uv": [116, 183]},
						{"origin": [6.76973, 67.71006, -55.70725], "size": [2, 1, 17], "pivot": [17.77307, 75.15317, -49.32705], "rotation": [-90, 0, -2.5], "uv": [96, 148]},
						{"origin": [-6.58006, 82.12414, -56.83582], "size": [9, 1, 1], "pivot": [-6.46482, 82.62414, -56.27016], "rotation": [-90, -7.5, -67.5], "uv": [0, 82]},
						{"origin": [-2.03106, 82.19597, -56.83582], "size": [9, 1, 1], "pivot": [6.85371, 82.69597, -56.27016], "rotation": [-90, 7.5, 67.5], "uv": [0, 80]},
						{"origin": [-12.5, 70.31127, -64.70725], "size": [25, 11, 36], "pivot": [2.50334, 74.75438, -49.32705], "rotation": [-90, 0, 0], "uv": [0, 50]},
						{"origin": [-12.5, 89.83502, -52.59506], "size": [25, 2, 6], "pivot": [2.50334, 74.75438, -49.32705], "rotation": [-12.5, 0, 0], "uv": [120, 35]},
						{"origin": [-0.77215, 91.89573, -50], "size": [17, 1, 4], "pivot": [2.50334, 74.75438, -49.32705], "rotation": [0, 0, 2.5], "uv": [120, 43]}
					]
				},
				{
					"name": "cover_lock",
					"parent": "torso",
					"pivot": [-14, 55, -57],
					"cubes": [
						{"origin": [-11.76401, 53.7839, -56.06305], "size": [1, 1, 2], "pivot": [-10.76401, 53.7839, -56.06305], "rotation": [0, -45, 0], "uv": [103, 18]}
					]
				},
				{
					"name": "bone3",
					"parent": "cover_lock",
					"pivot": [-14, 55, -57],
					"rotation": [0, 32.5, 0],
					"cubes": [
						{"origin": [-14.23614, 53.7839, -54.3074], "size": [1, 1, 2], "pivot": [-13.23614, 53.7839, -54.3074], "rotation": [0, -45, 0], "uv": [0, 103]}
					]
				},
				{
					"name": "bone4",
					"parent": "cover_lock",
					"pivot": [-14, 55, -57],
					"rotation": [0, 45, 0],
					"cubes": [
						{"origin": [-16.354, 53.7839, -53.26758], "size": [1, 1, 1], "pivot": [-15.354, 53.7839, -53.26758], "rotation": [0, -45, 0], "uv": [33, 33]},
						{"origin": [-17.06111, 53.7839, -52.56047], "size": [1, 1, 3], "pivot": [-16.06111, 53.7839, -52.56047], "rotation": [10, -45, 0], "uv": [100, 101]},
						{"origin": [-18.99657, 54.2906, -50.62501], "size": [1, 1, 3], "pivot": [-17.99657, 54.2906, -50.62501], "rotation": [-2.5, -45, 0], "uv": [101, 22]},
						{"origin": [-21.05442, 54.16735, -48.56716], "size": [1, 1, 3], "pivot": [-20.05442, 54.16735, -48.56716], "rotation": [-7.5, -45, 0], "uv": [5, 100]},
						{"origin": [-21.91955, 53.77577, -45.08591], "size": [1, 1, 1], "pivot": [-20.91955, 53.77577, -53.08591], "rotation": [0, -17.5, 0], "uv": [33, 25]},
						{"origin": [-24.31207, 53.77577, -44.76199], "size": [1, 1, 1], "pivot": [-24.51648, 54.77577, -44.32361], "rotation": [0, 32.5, 0], "uv": [32, 0]},
						{"origin": [-20.32917, 53.77577, -45.29242], "size": [1, 1, 2], "pivot": [-19.32917, 53.77577, -49.29242], "rotation": [0, -45, 0], "uv": [102, 82]}
					]
				},
				{
					"name": "cover_lock2",
					"parent": "torso",
					"pivot": [-14, 55, -57],
					"rotation": [0, 0, -180],
					"cubes": [
						{"origin": [-39.72178, 55.2161, -56.06305], "size": [1, 1, 2], "pivot": [-38.72178, 55.2161, -56.06305], "rotation": [0, -45, 0], "uv": [55, 97]}
					]
				},
				{
					"name": "bone5",
					"parent": "cover_lock2",
					"pivot": [-14, 55, -57],
					"rotation": [0, 32.5, 0],
					"cubes": [
						{"origin": [-37.81548, 55.2161, -69.3291], "size": [1, 1, 2], "pivot": [-36.81548, 55.2161, -69.3291], "rotation": [0, -45, 0], "uv": [86, 53]},
						{"origin": [-31.10327, 54.65636, -53.78851], "size": [4, 1, 1], "pivot": [-33.10327, 54.65636, -67.78851], "rotation": [0, -32.5, 5], "uv": [17, 84]},
						{"origin": [-27.74254, 55.47317, -51.63931], "size": [6, 1, 1], "pivot": [-29.74254, 55.47317, -65.63931], "rotation": [0, -32.5, -5], "uv": [20, 82]},
						{"origin": [-22.81403, 55.07796, -48.41551], "size": [6, 1, 1], "pivot": [-24.81403, 55.07796, -62.41551], "rotation": [0, -32.5, 2.5], "uv": [20, 80]},
						{"origin": [-17.20283, 55.28243, -47.32257], "size": [2, 1, 1], "pivot": [-23.20283, 55.28243, -61.32257], "rotation": [0, -32.5, -2.5], "uv": [30, 78]},
						{"origin": [-36.05221, 55.20797, -57.0123], "size": [6, 1, 1], "pivot": [-38.05221, 55.20797, -71.0123], "rotation": [0, -32.5, 0], "uv": [23, 11]},
						{"origin": [-31.32539, 55.20797, -42.5168], "size": [1, 1, 1], "pivot": [-30.32539, 55.20797, -56.5168], "rotation": [0, -95, 0], "uv": [23, 0]},
						{"origin": [-37.36543, 55.20797, -55.9377], "size": [1, 1, 1], "pivot": [-36.36543, 55.20797, -69.9377], "rotation": [0, -32.5, 0], "uv": [8, 0]}
					]
				},
				{
					"name": "bone6",
					"parent": "cover_lock2",
					"pivot": [-14, 55, -57],
					"rotation": [0, 45, 0],
					"cubes": [
						{"origin": [-36.12314, 55.2161, -73.03671], "size": [1, 1, 1], "pivot": [-35.12314, 55.2161, -73.03671], "rotation": [0, -45, 0], "uv": [0, 0]},
						{"origin": [-36.83024, 55.2161, -72.3296], "size": [1, 1, 3], "pivot": [-35.83024, 55.2161, -72.3296], "rotation": [10, -45, 0], "uv": [98, 97]},
						{"origin": [-38.7657, 55.72281, -70.39414], "size": [1, 1, 3], "pivot": [-37.7657, 55.72281, -70.39414], "rotation": [-2.5, -45, 0], "uv": [98, 18]},
						{"origin": [-40.82355, 55.59955, -68.33629], "size": [1, 1, 3], "pivot": [-39.82355, 55.59955, -68.33629], "rotation": [-7.5, -45, 0], "uv": [50, 97]},
						{"origin": [-40.0983, 55.20797, -65.06155], "size": [1, 1, 2], "pivot": [-39.0983, 55.20797, -69.06155], "rotation": [0, -45, 0], "uv": [86, 50]}
					]
				},
				{
					"name": "bone10",
					"parent": "torso",
					"pivot": [-0.02111, 54.46059, -56.70725],
					"rotation": [5, 0, 0],
					"cubes": [
						{"origin": [-11.47111, 66.96059, -29.70725], "size": [22.9, 1, 26], "pivot": [-0.56777, 74.4037, -49.32705], "rotation": [-90, 0, 0], "uv": [83, 0]}
					]
				},
				{
					"name": "head_structure",
					"parent": "body",
					"pivot": [0, 92, -50],
					"rotation": [0, 0, -15]
				},
				{
					"name": "head",
					"parent": "head_structure",
					"pivot": [0.24993, 92.40474, -48.28469],
					"cubes": [
						{"origin": [-2.464, 91.648, -54.928], "size": [3.696, 4.232, 13.552], "uv": [180, 171]},
						{"origin": [-5.72652, 92.37128, -54.928], "size": [3.696, 9.232, 13.552], "pivot": [-3.87852, 92.98728, -48.152], "rotation": [0, 0, 25], "uv": [121, 161]},
						{"origin": [-12.46143, 83.84381, -54.928], "size": [3.696, 5.232, 13.552], "pivot": [1.70657, 85.69181, -48.152], "rotation": [0, 0, 55], "uv": [179, 136]},
						{"origin": [18.19225, 85.5444, -54.928], "size": [3.696, 6.232, 13.552], "pivot": [4.02425, 76.3044, -48.152], "rotation": [0, 0, -55], "uv": [19, 176]},
						{"origin": [-18.84647, 81.21344, -54.928], "size": [3.696, 8.232, 13.552], "pivot": [0.24953, 83.06144, -48.152], "rotation": [0, 0, 65], "uv": [0, 163]},
						{"origin": [-34.28487, 71.69834, -54.928], "size": [8.624, 10.232, 13.552], "pivot": [3.29113, 73.54634, -48.152], "rotation": [0, 0, 67.5], "uv": [44, 130]},
						{"origin": [-26.25906, 115.37586, -54.928], "size": [3.696, 10.232, 13.552], "pivot": [-21.94706, 106.13586, -48.152], "rotation": [0, 0, 85], "uv": [157, 97]},
						{"origin": [-31.59804, 124.78877, -54.928], "size": [3.696, 10.232, 13.552], "pivot": [-27.28604, 110.62077, -48.152], "rotation": [0, 0, 90], "uv": [31, 153]},
						{"origin": [-37.40951, 139.05916, -54.928], "size": [3.696, 6.232, 13.552], "pivot": [-33.09751, 118.73116, -48.152], "rotation": [0, 0, 102.5], "uv": [176, 7]},
						{"origin": [-16.04899, 134.11592, -54.928], "size": [3.696, 8.232, 13.552], "pivot": [-14.20099, 127.33992, -48.152], "rotation": [0, 0, 130], "uv": [161, 159]},
						{"origin": [-10.34718, 111.52212, -50.928], "size": [5.696, 4.232, 4.552], "pivot": [-6.49918, 119.63812, -48.152], "rotation": [0, 0, 135], "uv": [19, 23]},
						{"origin": [-9.78107, 107.75251, -50.928], "size": [1.696, 4.232, 4.552], "pivot": [-6.93307, 118.86851, -48.152], "rotation": [0, 0, 135], "uv": [0, 50]},
						{"origin": [-15.87838, 124.26908, -50.928], "size": [2.696, 3.232, 4.552], "pivot": [-14.03038, 125.38508, -48.652], "rotation": [0, 0, 122.5], "uv": [0, 23]},
						{"origin": [-11.27301, 127.58407, -50.928], "size": [2.5, 3.232, 4.552], "pivot": [-10.62101, 128.70007, -48.652], "rotation": [0, 0, 150], "uv": [0, 0]},
						{"origin": [-20.69798, 172.45238, -54.928], "size": [3.696, 6.232, 13.552], "pivot": [-18.84998, 147.19638, -48.152], "rotation": [0, 0, 150], "uv": [140, 172]},
						{"origin": [-6.29292, 164.52844, -54.928], "size": [3.696, 34.232, 13.552], "pivot": [-4.44492, 145.43244, -48.152], "rotation": [0, 0, 175], "uv": [96, 97]},
						{"origin": [-3.38116, 124.57694, -54.928], "size": [3.696, 3.232, 13.552], "pivot": [-0.91716, 125.19294, -48.152], "rotation": [0, 0, -117.5], "uv": [176, 94]},
						{"origin": [-2.87559, 181.88392, -54.928], "size": [5.696, 7.232, 13.552], "pivot": [-0.41159, 152.93192, -48.152], "rotation": [0, 0, 177.5], "uv": [153, 0]},
						{"origin": [-9.22706, 129.98101, -54.928], "size": [3.696, 1.232, 13.552], "pivot": [1.24494, 130.59701, -48.152], "rotation": [0, 0, -102.5], "uv": [0, 23]},
						{"origin": [-8.56039, 148.54052, -54.928], "size": [3.696, 4.232, 13.552], "pivot": [1.29561, 135.60452, -48.152], "rotation": [0, 0, -162.5], "uv": [159, 180]},
						{"origin": [12.04032, 130.96719, -54.928], "size": [5.928, 10.232, 13.552], "pivot": [16.12032, 121.72719, -48.152], "rotation": [0, 0, -110], "uv": [0, 0]},
						{"origin": [36.64746, 132.7028, -54.928], "size": [5.1744, 3.232, 13.552], "pivot": [25.18986, 123.4628, -48.152], "rotation": [0, 0, -172.5], "uv": [169, 30]},
						{"origin": [-39.6903, 161.6561, -54.928], "size": [3.696, 11.232, 13.552], "pivot": [-35.3783, 133.9361, -48.152], "rotation": [0, 0, 125], "uv": [149, 43]},
						{"origin": [12.39499, 115.14333, -54.928], "size": [3.696, 11.232, 13.552], "pivot": [16.70699, 110.83133, -48.152], "rotation": [0, 0, -77.5], "uv": [142, 148]},
						{"origin": [22.39447, 129.02112, -54.928], "size": [3.696, 13.232, 13.552], "pivot": [26.70647, 114.85312, -48.152], "rotation": [0, 0, -87.5], "uv": [0, 50]},
						{"origin": [13.89896, 108.13685, -54.928], "size": [9.624, 12.232, 13.552], "pivot": [17.97896, 98.89685, -48.152], "rotation": [0, 0, -67.5], "uv": [0, 130]},
						{"origin": [10.05571, 89.74077, -54.928], "size": [3.696, 7.232, 13.552], "pivot": [3.27971, 90.35677, -48.152], "rotation": [0, 0, -65], "uv": [165, 74]},
						{"origin": [0.79852, 92.37128, -54.928], "size": [3.696, 4.232, 13.552], "pivot": [2.64652, 92.98728, -48.152], "rotation": [0, 0, -25], "uv": [180, 154]}
					]
				},
				{
					"name": "face_structure",
					"parent": "head",
					"pivot": [0, 8, -50]
				},
				{
					"name": "face",
					"parent": "face_structure",
					"pivot": [0, -18, -50],
					"cubes": [
						{"origin": [-4.35914, 112.70116, -55.1], "size": [1.5, 3.5, 3], "pivot": [-2.35914, 112.20116, -58.5], "rotation": [0, 0, -20], "uv": [142, 219]},
						{"origin": [0.28851, 114.30056, -55.1], "size": [1.5, 3.5, 3], "pivot": [-4.71149, 112.80056, -58.5], "rotation": [0, 0, 20], "uv": [142, 219]}
					]
				},
				{
					"name": "Nose",
					"parent": "face_structure",
					"pivot": [-2, 108.01858, -54.74091],
					"rotation": [17.5, 90, 0],
					"cubes": [
						{"origin": [-2.52, 105.40892, -52.79564], "size": [1.04, 4.16, 1.04], "uv": [119, 62]},
						{"origin": [-2.52, 105.50914, -51.88051], "size": [1.04, 1.56, 1.04], "pivot": [-2, 106.02914, -51.36051], "rotation": [12.5, 0, 0], "uv": [119, 62]},
						{"origin": [-2.52, 104.31517, -50.61759], "size": [1.04, 1.04, 0.52], "pivot": [-2, 104.83517, -52.17759], "rotation": [47.5, 0, 0], "uv": [119, 62]},
						{"origin": [-2.52, 103.23991, -49.4845], "size": [1.04, 2.08, 0.52], "pivot": [-2, 103.75991, -52.6045], "rotation": [55, 0, 0], "uv": [119, 62]},
						{"origin": [-2.52, 103.23985, -48.64511], "size": [1.04, 1.04, 0.52], "pivot": [-2, 103.75985, -51.76511], "rotation": [67.5, 0, 0], "uv": [119, 62]},
						{"origin": [-2.52, 103.30943, -47.42732], "size": [1.04, 2.6, 0.52], "pivot": [-2, 103.82943, -50.54732], "rotation": [87.5, 0, 0], "uv": [119, 62]},
						{"origin": [-2.52, 103.76469, -46.58143], "size": [1.04, 2.08, 0.52], "pivot": [-2, 104.28469, -49.70143], "rotation": [102.5, 0, 0], "uv": [119, 62]},
						{"origin": [-2.52, 106.32809, -44.93153], "size": [1.04, 2.08, 1.04], "pivot": [-2, 105.28809, -48.05153], "rotation": [107.5, 0, 0], "uv": [119, 62]},
						{"origin": [-2.52, 105.52579, -53.68333], "size": [1.04, 4.68, 1.04], "pivot": [-2, 106.04579, -53.16333], "rotation": [-15, 0, 0], "uv": [119, 62]},
						{"origin": [-2.52, 105.52579, -54.72333], "size": [1.04, 5.2, 1.04], "pivot": [-2, 106.04579, -53.16333], "rotation": [-15, 0, 0], "uv": [119, 62]},
						{"origin": [-2.52, 105.52579, -55.76333], "size": [1.04, 5.2, 1.04], "pivot": [-2, 106.04579, -53.16333], "rotation": [-15, 0, 0], "uv": [119, 62]},
						{"origin": [-2.52, 105.52579, -56.28333], "size": [1.04, 4.68, 1.04], "pivot": [-2, 106.04579, -53.16333], "rotation": [-15, 0, 0], "uv": [119, 62]},
						{"origin": [-2.52, 105.42325, -57.32672], "size": [1.04, 4.16, 1.04], "pivot": [-2, 105.94325, -54.20672], "rotation": [-25, 0, 0], "uv": [119, 62]},
						{"origin": [-2.52, 105.08831, -58.58555], "size": [1.04, 1.56, 1.04], "pivot": [-2, 105.60831, -55.46555], "rotation": [-47.5, 0, 0], "uv": [119, 62]},
						{"origin": [-2.52, 105.04298, -60.28973], "size": [1.04, 1.04, 1.04], "pivot": [-2, 105.56298, -57.16973], "rotation": [-82.5, 0, 0], "uv": [119, 62]},
						{"origin": [-2.52, 105.94775, -61.52809], "size": [1.04, 2.08, 1.04], "pivot": [-2, 106.46775, -58.40809], "rotation": [-112.5, 0, 0], "uv": [119, 62]},
						{"origin": [-2.52, 107.19077, -61.91762], "size": [1.04, 2.08, 1.04], "pivot": [-2, 107.71077, -58.79762], "rotation": [-135, 0, 0], "uv": [119, 62]},
						{"origin": [-2.52, 108.0293, -61.33827], "size": [1.04, 1.56, 1.04], "pivot": [-2, 108.5493, -58.21827], "rotation": [-140, 0, 0], "uv": [119, 62]},
						{"origin": [-2.52, 109.15674, -61.00513], "size": [1.04, 1.04, 1.04], "pivot": [-2, 109.67674, -57.88513], "rotation": [-157.5, 0, 0], "uv": [119, 62]},
						{"origin": [-2.52, 110.13182, -60.34839], "size": [1.04, 1.04, 1.04], "pivot": [-2, 110.65182, -57.22839], "rotation": [-175, 0, 0], "uv": [119, 62]},
						{"origin": [-2.52, 110.58503, -59.40299], "size": [1.04, 1.04, 1.04], "pivot": [-2, 111.10503, -56.28299], "rotation": [175, 0, 0], "uv": [119, 62]},
						{"origin": [-2.52, 110.96067, -58.38964], "size": [1.04, 1.04, 1.04], "pivot": [-2, 111.48067, -55.26964], "rotation": [162.5, 0, 0], "uv": [119, 62]},
						{"origin": [-2.52, 111.10806, -57.31901], "size": [1.04, 1.04, 1.04], "pivot": [-2, 111.62806, -54.19901], "rotation": [150, 0, 0], "uv": [119, 62]},
						{"origin": [-2.52, 111.33202, -56.03578], "size": [1.04, 2.08, 1.04], "pivot": [-2, 111.85202, -52.91578], "rotation": [127.5, 0, 0], "uv": [119, 62]},
						{"origin": [-2.52, 110.83867, -54.55422], "size": [1.04, 1.56, 0.52], "pivot": [-2, 111.35867, -51.95422], "rotation": [115, 0, 0], "uv": [119, 62]},
						{"origin": [-2.52, 110.52939, -54.10554], "size": [1.04, 2.08, 0.52], "pivot": [-2, 111.04939, -51.50554], "rotation": [107.5, 0, 0], "uv": [119, 62]}
					]
				},
				{
					"name": "face3",
					"parent": "face_structure",
					"pivot": [5, 108, -55],
					"cubes": [
						{"origin": [2, 104, -55.1], "size": [8, 7, 1], "uv": [68, 195]}
					]
				},
				{
					"name": "face2",
					"parent": "face_structure",
					"pivot": [-9, 108, -55],
					"cubes": [
						{"origin": [-13, 104, -55.1], "size": [9, 7, 1], "uv": [68, 194]}
					]
				},
				{
					"name": "tounge",
					"parent": "face_structure",
					"pivot": [-1.00346, 98.64747, -56.5],
					"rotation": [-12.5, 0, -5],
					"cubes": [
						{"origin": [-2.6777, 97.58603, -56.07479], "size": [1.9032, 0.9516, 0.5], "uv": [12, 223]},
						{"origin": [-0.80661, 94.18749, -56.09723], "size": [0.2, 4.3, 0.5], "uv": [82, 221]},
						{"origin": [-1.23352, 94.09946, -56.07479], "size": [1.05723, 0.57096, 0.5], "uv": [12, 223]},
						{"origin": [-0.7081, 97.62597, -56.07479], "size": [1.9032, 0.9516, 0.5], "uv": [12, 223]},
						{"origin": [-2.6113, 97.62597, -56.07479], "size": [3.8064, 0.9516, 0.5], "uv": [12, 223]},
						{"origin": [-1.90714, 96.13119, -56.07479], "size": [1.9032, 1.9032, 0.5], "pivot": [-0.95554, 93.27639, -55.12319], "rotation": [0, 0, 15], "uv": [12, 223]},
						{"origin": [-1.47866, 96.09125, -56.07479], "size": [1.9032, 1.9032, 0.5], "pivot": [-0.52706, 93.23645, -55.12319], "rotation": [0, 0, -15], "uv": [12, 223]},
						{"origin": [0.14289, 94.67225, -56.07479], "size": [1.33224, 1.9032, 0.5], "pivot": [0.52353, 91.81745, -55.12319], "rotation": [0, 0, -30], "uv": [12, 223]},
						{"origin": [-2.90953, 94.86143, -56.07479], "size": [1.52256, 1.9032, 0.5], "pivot": [-2.33857, 92.00663, -55.12319], "rotation": [0, 0, 27.5], "uv": [12, 223]}
					]
				},
				{
					"name": "mouth",
					"parent": "face_structure",
					"pivot": [4, -31, -21]
				},
				{
					"name": "bone8",
					"parent": "mouth",
					"pivot": [-10.63, 96.82, -53.186],
					"rotation": [0, 180, -7.5]
				},
				{
					"name": "moutfh3",
					"parent": "bone8",
					"pivot": [-12.093, 101.209, -54.649],
					"rotation": [0, 0, 10],
					"cubes": [
						{"origin": [-18.05812, 96.4965, -53.186], "size": [2.926, 2.926, 2.926], "pivot": [-16.59512, 97.9595, -51.723], "rotation": [0, 0, 7.5], "uv": [148, 221]},
						{"origin": [-21.72311, 94.31956, -53.186], "size": [5.852, 2.926, 2.926], "pivot": [-17.33411, 95.78256, -51.723], "rotation": [0, 0, 30], "uv": [148, 221]},
						{"origin": [-25.98694, 84.61756, -53.186], "size": [5.852, 2.926, 2.926], "pivot": [-9.89394, 86.08056, -51.723], "rotation": [0, 0, 40], "uv": [148, 221]}
					]
				},
				{
					"name": "moutfh4",
					"parent": "bone8",
					"pivot": [-7.704, -163.594, -56.112],
					"cubes": [
						{"origin": [-18.0487, 99.86796, -53.186], "size": [2.926, 2.926, 2.926], "pivot": [-16.5857, 101.33096, -51.723], "rotation": [0, 0, 5], "uv": [148, 221]},
						{"origin": [-18.37526, 101.98965, -53.186], "size": [2.926, 1.463, 2.926], "pivot": [-16.91226, 103.45265, -51.723], "rotation": [0, 0, -22.5], "uv": [148, 221]},
						{"origin": [-21.10107, 98.41167, -53.186], "size": [3.2186, 4.4, 2.926], "pivot": [-19.34547, 102.80067, -51.723], "rotation": [0, 0, -7.5], "uv": [148, 221]},
						{"origin": [-24.53494, 98.85112, -53.186], "size": [3.463, 4.389, 2.926], "pivot": [-24.53494, 103.24012, -51.723], "rotation": [0, 0, 15], "uv": [148, 221]},
						{"origin": [-23.75449, 98.54454, -53.186], "size": [4.389, 4.389, 2.926], "pivot": [-23.75449, 100.00754, -51.723], "rotation": [0, 0, 10], "uv": [148, 221]},
						{"origin": [-22.25112, 98.27244, -53.186], "size": [1.463, 4.389, 2.926], "pivot": [-22.25112, 96.80944, -51.723], "rotation": [0, 0, 2.5], "uv": [148, 221]},
						{"origin": [-27.71208, 100.77614, -53.186], "size": [2.926, 1.463, 2.926], "pivot": [-26.24908, 102.23914, -51.723], "rotation": [0, 0, 7], "uv": [148, 221]},
						{"origin": [-27.49291, 101.47294, -53.186], "size": [2.926, 1.463, 2.926], "pivot": [-23.10391, 102.93594, -51.723], "rotation": [0, 0, 12], "uv": [148, 221]}
					]
				},
				{
					"name": "bone7",
					"parent": "mouth",
					"pivot": [9.852, 96.82, -56.112],
					"rotation": [0, 0, 7.5]
				},
				{
					"name": "moutfh2",
					"parent": "bone7",
					"pivot": [5.463, 101.209, -54.649],
					"rotation": [0, 0, 10],
					"cubes": [
						{"origin": [2.04543, 96.89929, -56.112], "size": [2.926, 2.926, 2.926], "pivot": [3.50843, 98.36229, -54.649], "rotation": [0, 0, 7.5], "uv": [148, 221]},
						{"origin": [-1.61953, 94.72235, -56.112], "size": [5.852, 2.926, 2.926], "pivot": [2.76947, 96.18535, -54.649], "rotation": [0, 0, 30], "uv": [148, 221]},
						{"origin": [-2.95738, 85.02035, -56.112], "size": [2.926, 2.926, 2.926], "pivot": [10.20962, 86.48335, -54.649], "rotation": [0, 0, 40], "uv": [148, 221]}
					]
				},
				{
					"name": "moutfh",
					"parent": "bone7",
					"pivot": [9.852, -163.594, -56.112],
					"cubes": [
						{"origin": [2.0861, 99.82222, -56.112], "size": [2.926, 2.926, 2.926], "pivot": [3.5491, 101.28522, -54.649], "rotation": [0, 0, 5], "uv": [148, 221]}
					]
				},
				{
					"name": "lower",
					"parent": "main",
					"pivot": [0, 1, -50]
				},
				{
					"name": "rightLeg",
					"parent": "lower",
					"pivot": [-6, 53, -49],
					"rotation": [0, 0, 20],
					"cubes": [
						{"origin": [-11.5, 33.13458, -54.77016], "size": [11, 20, 13], "uv": [48, 97]}
					]
				},
				{
					"name": "bone9",
					"parent": "rightLeg",
					"pivot": [-6, 34, -49]
				},
				{
					"name": "shoes",
					"parent": "bone9",
					"pivot": [-3.5, 12.5, -49.5],
					"cubes": [
						{"origin": [-10.2, 8.31588, -53.3], "size": [8.5, 6, 10], "uv": [189, 209]},
						{"origin": [-10.2, 8.31588, -58.3], "size": [8.5, 4, 5], "uv": [189, 209]},
						{"origin": [-10.5, 8.31588, -58.3], "size": [1.3, 1.5, 15], "uv": [189, 209]},
						{"origin": [-10.5, 8.31588, -58.6], "size": [9.1, 1.5, 1.3], "uv": [189, 209]},
						{"origin": [-2.7, 8.31588, -58.3], "size": [1.3, 1.5, 15], "uv": [189, 209]},
						{"origin": [-10.5, 8.31588, -44.3], "size": [9.1, 1.5, 1.3], "uv": [189, 209]}
					]
				},
				{
					"name": "bone",
					"parent": "bone9",
					"pivot": [-6, 36, -50],
					"cubes": [
						{"origin": [-10.7, 14.31588, -53.77016], "size": [9.5, 19, 11], "uv": [128, 110]}
					]
				},
				{
					"name": "leftLeg",
					"parent": "lower",
					"pivot": [8, 53, -48],
					"rotation": [0, 0, -5],
					"cubes": [
						{"origin": [0.5, 33.13458, -54.77016], "size": [11, 20, 13], "uv": [0, 97]}
					]
				},
				{
					"name": "bone11",
					"parent": "leftLeg",
					"pivot": [9, 33, -49],
					"rotation": [0, 0, -40]
				},
				{
					"name": "bone2",
					"parent": "bone11",
					"pivot": [7, 34, -50],
					"rotation": [0, 0, 17.5],
					"cubes": [
						{"origin": [2.3, 17.31588, -53.77016], "size": [9.5, 19, 11], "uv": [122, 80]}
					]
				},
				{
					"name": "shoes2",
					"parent": "bone2",
					"pivot": [9.5, 15.5, -49.5],
					"cubes": [
						{"origin": [2.8, 11.31588, -53.3], "size": [8.5, 6, 10], "uv": [189, 209]},
						{"origin": [2.8, 11.31588, -58.3], "size": [8.5, 4, 5], "uv": [189, 209]},
						{"origin": [2.5, 11.31588, -58.3], "size": [2.3, 1.5, 15], "uv": [189, 209]},
						{"origin": [2.5, 11.31588, -58.6], "size": [9.1, 1.5, 1.3], "uv": [189, 209]},
						{"origin": [10.3, 11.31588, -58.3], "size": [1.3, 1.5, 15], "uv": [189, 209]},
						{"origin": [2.5, 11.31588, -44.3], "size": [9.1, 1.5, 1.3], "uv": [189, 209]}
					]
				}
			]
		}
	]
}