{
    "nun_move": {
        "category": "neutral",
        "sounds": [
            "sounds/nun/move"
        ]
    },
    "nun_attack": {
        "category": "neutral",
        "sounds": [
            "sounds\/nun\/attack"
        ]
    },
    "electro_gun": {
        "category": "neutral",
        "sounds": [
            "sounds\/gun\/electro_gun"
        ]
    },
    "gummy_attack": {
        "category": "neutral",
        "sounds": [
            "sounds\/gummy\/gummy_attack"
        ]
    },
    "nun_sound": {
        "category": "neutral",
        "sounds": [
            "sounds\/nun\/nun_sound"
        ]
    },
    "rod_chase": {
        "category": "neutral",
        "sounds": [
            "sounds\/rod\/rod_chase"
        ]
    },
    "mini_rod_alert": {
        "category": "neutral",
        "sounds": [
            "sounds\/minirod\/mini_rod_alert"
        ]
    },
    "mini_rod_attack": {
        "category": "neutral",
        "sounds": [
            "sounds/minirod/mini_rod_attack"
        ]
    },
    "locker": {
        "category": "neutral",
        "sounds": [
            "sounds/locker"
        ]
    },
    "mike_scream": {
        "category": "neutral",
        "sounds": [
            "sounds\/mike\/died"
        ]
    },
    "j_scream": {
        "category": "neutral",
        "sounds": [
            "sounds\/j\/j_dead"
        ]
    },
    "rod_attack": {
        "category": "neutral",
        "sounds": [
            "sounds\/rod\/rod_attack"
        ]
    },
    "nun": {
        "category": "neutral",
        "sounds": [
            "sounds\/nun\/nun1",
            "sounds\/nun\/nun2",
            "sounds\/nun\/nun3",
            "sounds\/nun\/nun4"
        ]
    },
    "boris_sleeping": {
        "category": "neutral",
        "sounds": [
            "sounds\/boris\/boris_sleeping"
        ]
    },
    "boris_see": {
        "category": "neutral",
        "sounds": [
            "sounds\/boris\/see1",
            "sounds\/boris\/see2",
            "sounds\/boris\/see3"
        ]
    },
    "boris_hit": {
        "category": "neutral",
        "sounds": [
            "sounds\/boris\/hit1",
            "sounds\/boris\/hit2",
            "sounds\/boris\/hit3"
        ]
    },
    "minirod_walk": {
        "category": "neutral",
        "sounds": [
            "sounds\/minirod\/walk1",
            "sounds\/minirod\/walk2",
            "sounds\/minirod\/walk3",
            "sounds\/minirod\/walk4"
        ]
    },
    "rod": {
        "category": "neutral",
        "sounds": [
            "sounds\/rod\/idle1",
            "sounds\/rod\/idle2",
            "sounds\/rod\/idle3",
            "sounds\/rod\/idle4",
            "sounds\/rod\/idle5"
        ]
    },
   "mini_rod_idle": {
        "category": "neutral",
        "sounds": [
            "sounds/minirod/mini_rod_idle1",
            "sounds/minirod/mini_rod_idle2",
            "sounds/minirod/mini_rod_idle3",
            "sounds/minirod/mini_rod_idle4",
            "sounds/minirod/mini_rod_idle5"
        ]
    },
   "mini_rodwarning": {
        "category": "neutral",
        "sounds": [
            "sounds/minirod/mini_rodwarning1",
            "sounds/minirod/mini_rodwarning2",
            "sounds/minirod/mini_rodwarning3",
            "sounds/minirod/mini_rodwarning4",
            "sounds/minirod/mini_rodwarning1"
        ]
    },
    "mike_idle": {
        "category": "neutral",
        "sounds": [
            "sounds\/mike\/idle1",
            "sounds\/mike\/idle2",
            "sounds\/mike\/idle3"
        ]
    },
    "mike_hit": {
        "category": "neutral",
        "sounds": [
            "sounds\/mike\/hit1",
            "sounds\/mike\/hit2"
        ]
    },
    "rod_death": {
        "category": "neutral",
        "sounds": [
            "sounds\/rod\/death1"
        ]
    },
    "rod_hurt": {
        "category": "neutral",
        "sounds": [
            "sounds\/rod\/hurt1",
            "sounds\/rod\/hurt2"
        ]
    },
    "matilda_warning": {
        "category": "neutral",
        "sounds": [
            "sounds\/matilda\/matilda_warning"
        ]
    },
    "rod_warning": {
        "category": "neutral",
        "sounds": [
            "sounds\/rod\/chase_ice"
        ]
    },
    "nun_warning": {
        "category": "neutral",
        "sounds": [
            "sounds\/nun\/nun_warning"
        ]
    },
    "matilda": {
        "category": "neutral",
        "sounds": [
            "sounds\/matilda\/matilda1",
            "sounds\/matilda\/matilda2",
            "sounds\/matilda\/matilda3",
            "sounds\/matilda\/matilda4",
            "sounds\/matilda\/matilda5"
        ]
    },
    "matilda_attack": {
        "category": "neutral",
        "sounds": [
            "sounds/matilda/matilda_attack"
        ]
    },
    "gummy": {
        "category": "neutral",
        "sounds": [
            "sounds/gummy/gummy"
        ]
    },
    "gummy_move": {
        "category": "neutral",
        "sounds": [
            "sounds/gummy/gummy_move"
        ]
    }
}