{
	"format_version": "1.12.0",
	"minecraft:geometry": [
		{
			"description": {
				"identifier": "geometry.electro_gun",
				"texture_width": 64,
				"texture_height": 64,
				"visible_bounds_width": 4,
				"visible_bounds_height": 3.5,
				"visible_bounds_offset": [0, 1.25, 0]
			},
			"bones": [
				{
					"name": "root",
					"pivot": [0, 0, 0]
				},
				{
					"name": "waist",
					"parent": "root",
					"pivot": [0, 12, 0]
				},
				{
					"name": "body",
					"parent": "waist",
					"pivot": [0, 24, 0]
				},
				{
					"name": "head",
					"parent": "body",
					"pivot": [0, 24, 0]
				},
				{
					"name": "hat",
					"parent": "head",
					"pivot": [0, 24, 0]
				},
				{
					"name": "cape",
					"parent": "body",
					"pivot": [0, 24, 3]
				},
				{
					"name": "leftArm",
					"parent": "body",
					"pivot": [5, 22, 0]
				},
				{
					"name": "leftSleeve",
					"parent": "leftArm",
					"pivot": [5, 22, 0]
				},
				{
					"name": "leftItem",
					"parent": "leftArm",
					"pivot": [6, 15, 1]
				},
				{
					"name": "rightArm",
					"parent": "body",
					"pivot": [-5, 22, 0]
				},
				{
					"name": "rightSleeve",
					"parent": "rightArm",
					"pivot": [-5, 22, 0]
				},
				{
					"name": "rightItem",
					"parent": "rightArm",
					"pivot": [-6, 15, 1],
					"locators": {
						"lead_hold": [-6, 15, 1]
					}
				},
				{
					"name": "bb_main",
					"parent": "rightItem",
					"pivot": [-6, 14, 3],
					"rotation": [90, 0, 0],
					"cubes": [
						{"origin": [-8.64, 23.14472, -2.148], "size": [5.94, 26.4, 5.94], "pivot": [-6, 29.74472, 2.89027], "rotation": [180, 0, 0], "uv": [46, 16]},
						{"origin": [-7.98, 49.54472, -1.488], "size": [4.62, 1.32, 4.62], "pivot": [-6, 29.74472, 2.89027], "rotation": [180, 0, 0], "uv": [0, 19]},
						{"origin": [-7.98, 44.26472, 1.152], "size": [4.62, 3.96, 5.94], "pivot": [-6, 29.74472, 2.89027], "rotation": [180, 0, 0], "uv": [26, 52]},
						{"origin": [-6.66, 13.24472, 0.00854], "size": [0.66, 0.66, 4.62], "pivot": [-6.33, 16.21472, 1.65854], "rotation": [-90, 0, 0], "uv": [28, 0]},
						{"origin": [-6.66, 13.16976, -0.34889], "size": [0.66, 0.66, 0.66], "pivot": [-6.33, 16.13976, 1.30111], "rotation": [-105, 0, 0], "uv": [29, 4]},
						{"origin": [-6.66, 15.80976, 0.97111], "size": [0.66, 1.98, 0.66], "pivot": [-6.33, 16.13976, 1.30111], "rotation": [-105, 0, 0], "uv": [32, 5]},
						{"origin": [-6.66, 16.03205, 0.46593], "size": [0.66, 0.66, 0.66], "pivot": [-6.33, 16.36205, 0.79593], "rotation": [-122.5, 0, 0], "uv": [31, 5]},
						{"origin": [-6.66, 12.53151, -1.89808], "size": [0.66, 0.66, 0.66], "pivot": [-6.33, 15.50151, -0.24808], "rotation": [-145, 0, 0], "uv": [31, 5]},
						{"origin": [-6.66, 12.78056, -2.30109], "size": [0.66, 0.66, 0.66], "pivot": [-6.33, 15.75056, -0.65109], "rotation": [-162.5, 0, 0], "uv": [25, 4]},
						{"origin": [-6.66, 13.06428, -2.34793], "size": [0.66, 0.66, 0.66], "pivot": [-6.33, 16.03428, -0.69793], "rotation": [-175, 0, 0], "uv": [35, 7]},
						{"origin": [-6.66, 13.19678, -3.27306], "size": [0.66, 0.66, 1.98], "pivot": [-6.33, 16.16678, -0.30306], "rotation": [180, 0, 0], "uv": [23, 1]},
						{"origin": [-7.98, 12.2717, 6.3373], "size": [4.62, 3.96, 1.98], "pivot": [-5.67, 14.2517, 2.7073], "rotation": [-165, 0, 0], "uv": [29, 54]},
						{"origin": [-7.98, 13.72485, 4.41999], "size": [4.62, 3.96, 1.98], "pivot": [-5.67, 15.70485, 0.78999], "rotation": [-137.5, 0, 0], "uv": [34, 53]},
						{"origin": [-7.98, 13.7046, 2.2462], "size": [4.62, 3.96, 11.22], "pivot": [-5.67, 17.0046, -1.3838], "rotation": [-90, 0, 0], "uv": [23, 52]},
						{"origin": [-9.3, 20.50472, -2.808], "size": [7.26, 7.92, 0.66], "pivot": [-6, 29.74472, 2.89027], "rotation": [180, 0, 0], "uv": [28, 1]},
						{"origin": [-9.3, 20.50472, 3.792], "size": [7.26, 7.92, 0.66], "pivot": [-6, 29.74472, 2.89027], "rotation": [180, 0, 0], "uv": [27, 0]},
						{"origin": [-2.7, 20.50472, -2.808], "size": [0.66, 7.92, 7.26], "pivot": [-6, 29.74472, 2.89027], "rotation": [180, 0, 0], "uv": [22, 0]},
						{"origin": [-9.3, 20.50472, -2.808], "size": [0.66, 7.92, 7.26], "pivot": [-6, 29.74472, 2.89027], "rotation": [180, 0, 0], "uv": [40, 0]},
						{"origin": [-9.828, 21.82472, -3.336], "size": [8.316, 5.28, 8.316], "pivot": [-6, 29.74472, 2.89027], "rotation": [180, 0, 0], "uv": [22, 0]},
						{"origin": [-4.152, 24.46472, -7.296], "size": [0.396, 1.32, 3.96], "pivot": [-5.604, 29.74472, 2.89027], "rotation": [180, 0, 0], "uv": [11, 29]},
						{"origin": [-7.188, 24.46472, -7.296], "size": [3.036, 1.32, 0.396], "pivot": [-6, 29.74472, 2.89027], "rotation": [180, 0, 0], "uv": [9, 31]},
						{"origin": [-7.188, 24.46472, -5.58], "size": [3.036, 1.32, 0.396], "pivot": [-6, 29.74472, 1.96627], "rotation": [180, 0, 0], "uv": [9, 29]},
						{"origin": [-7.584, 24.46472, -7.296], "size": [0.396, 1.32, 3.96], "pivot": [-6.396, 29.74472, 2.89027], "rotation": [180, 0, 0], "uv": [6, 27]},
						{"origin": [-0.984, 21.82472, 0.096], "size": [1.188, 9.56, 1.188], "pivot": [-6, 29.74472, 2.89027], "rotation": [180, 0, 0], "uv": [28, 0]},
						{"origin": [-1.38, 20.50472, -0.3], "size": [1.98, 6.6, 1.98], "pivot": [-6, 29.74472, 2.89027], "rotation": [180, 0, 0], "uv": [32, 10]},
						{"origin": [-1.644, 20.50472, -0.564], "size": [2.508, 1.32, 2.508], "pivot": [-6, 29.74472, 2.89027], "rotation": [180, 0, 0], "uv": [32, 4]},
						{"origin": [-1.38, 28.42472, -0.3], "size": [1.98, 3.96, 1.98], "pivot": [-6, 29.74472, 2.89027], "rotation": [180, 0, 0], "uv": [60, 40]},
						{"origin": [-6, 10.20872, 7.13654], "size": [0.66, 1.056, 2.904], "pivot": [-5.67, 10.73672, 8.58854], "rotation": [152.5, 0, 0], "uv": [11, 22]},
						{"origin": [-7.32, 3.60872, 8.016], "size": [3.3, 5.016, 1.584], "pivot": [-5.67, 10.73672, 8.58854], "rotation": [180, 0, 0], "uv": [8, 18]},
						{"origin": [-8.64, 4.92872, 9.072], "size": [5.94, 0.396, 1.584], "pivot": [-5.67, 10.73672, 8.58854], "rotation": [180, 0, 0], "uv": [0, 40]},
						{"origin": [-8.508, 4.92872, 14.352], "size": [5.94, 0.924, 1.584], "pivot": [-5.538, 10.73672, 8.85254], "rotation": [180, 0, 0], "uv": [33, 9]},
						{"origin": [-5.472, 4.92872, 9.072], "size": [2.904, 0.924, 6.072], "pivot": [-5.67, 10.73672, 8.58854], "rotation": [180, 0, 0], "uv": [26, 3]},
						{"origin": [-8.772, 4.92872, 9.072], "size": [2.904, 0.924, 6.336], "pivot": [-5.67, 10.73672, 8.58854], "rotation": [180, 0, 0], "uv": [25, 2]},
						{"origin": [-6.924, 4.1, 7.884], "size": [2.64, 3.96, 1.584], "pivot": [-5.67, 10.73672, 8.58854], "rotation": [180, 0, 0], "uv": [10, 20]},
						{"origin": [-6.132, 4.92872, 6.696], "size": [0.528, 0.528, 2.64], "pivot": [-5.67, 10.73672, 8.58854], "rotation": [180, -25, 0], "uv": [60, 41]},
						{"origin": [-6.132, 6.24872, 6.696], "size": [0.528, 0.528, 2.64], "pivot": [-5.67, 10.73672, 8.58854], "rotation": [180, -25, 0], "uv": [11, 22]}
					]
				},
				{
					"name": "Front",
					"parent": "bb_main",
					"pivot": [-7.92, 18.48, 3.96]
				},
				{
					"name": "Back",
					"parent": "bb_main",
					"pivot": [-7.92, 18.48, 3.96],
					"rotation": [0, 180, 0]
				},
				{
					"name": "jacket",
					"parent": "body",
					"pivot": [0, 24, 0]
				},
				{
					"name": "leftLeg",
					"parent": "root",
					"pivot": [1.9, 12, 0]
				},
				{
					"name": "leftPants",
					"parent": "leftLeg",
					"pivot": [1.9, 12, 0]
				},
				{
					"name": "rightLeg",
					"parent": "root",
					"pivot": [-1.9, 12, 0]
				},
				{
					"name": "rightPants",
					"parent": "rightLeg",
					"pivot": [-1.9, 12, 0]
				}
			]
		}
	]
}