{
    "format_version": "1.10.0",
    "animation_controllers": {
        "controller.animation.minirode": {
            "states": {
                "move": {
                    "transitions": [
                        {
                            "attack": "variable.attack_time"
                        }
                    ],
                    "on_entry": [
                        "/function mini", "/playanimation @s animation.mini_rod.attack"
                    ]
                },
                "attack": {
                    "transitions": [
                        {
                            "move": "!variable.attack_time"
                        }
                    ],
                    "on_entry": [
                        "/function mini", "/playanimation @s animation.mini_rod.attack"
                    ]
                }
            }
        }
    }
}