{
	"format_version": "1.8.0",
	"animations": {
		"animation.rod.morph": {
			"loop": true,
			"animation_length": 1.20833,
			"bones": {
				"leftArm": {
					"rotation": {
						"0.0": [35, 0, 0],
						"0.625": [-45, 0, 0],
						"1.2083": [27.5, 0, 0]
					}
				},
				"limb3": {
					"rotation": {
						"0.0": [0, 0, 0],
						"0.625": [-62.5, 0, 0],
						"1.2083": [0, 0, 0]
					}
				},
				"rightArm": {
					"rotation": {
						"0.0": [-45, 0, 0],
						"0.625": [37.5, 0, 0],
						"1.2083": [-45, 0, 0]
					}
				},
				"limb6": {
					"rotation": {
						"0.0": [-27.5, 0, 0],
						"0.625": [-2.5, 0, 0],
						"1.2083": [-27.5, 0, 0]
					}
				},
				"limb7": {
					"rotation": {
						"0.0": [-10, 0, 0],
						"0.3333": [0, 0, 0],
						"0.625": [-20, 0, 0]
					}
				},
				"rightLeg": {
					"rotation": {
						"0.0": [37.5, 0, 0],
						"0.625": [-15, 0, 0],
						"1.2083": [35, 0, 0]
					}
				},
				"bone9": {
					"rotation": {
						"0.0": [25, 0, 0],
						"0.625": [0, 0, 0],
						"1.2083": [25, 0, 0]
					}
				},
				"rod_main": {
					"position": {
						"0.0": [0, -0.25, 0],
						"0.3333": [0, 2, 0],
						"0.625": [0, 0, 0],
						"0.9167": [0, 2, 0],
						"1.2083": [0, 0, 0]
					}
				},
				"leftLeg": {
					"rotation": {
						"0.0": [-12.5, 0, 0],
						"0.625": [30, 0, 0],
						"1.2083": [-12.5, 0, 0]
					}
				},
				"bone11": {
					"rotation": {
						"0.0": [0, 0, 0],
						"0.625": [35, 0, 0],
						"1.2083": [0, 0, 0]
					}
				},
				"bone10": {
					"rotation": {
						"0.0": {
							"post": [-35, 0, 0],
							"lerp_mode": "catmullrom"
						},
						"0.3333": {
							"post": [-19.15, 0, 0],
							"lerp_mode": "catmullrom"
						},
						"0.625": {
							"post": [-37.5, 0, 0],
							"lerp_mode": "catmullrom"
						},
						"0.875": {
							"post": [-19.03, 0, 0],
							"lerp_mode": "catmullrom"
						},
						"1.2083": {
							"post": [-35, 0, 0],
							"lerp_mode": "catmullrom"
						}
					}
				},
				"head": {
					"rotation": {
						"0.0": [17.5, 0, 12.5],
						"0.3333": [0, 0, -2.86],
						"0.625": [17.5, 0, -15],
						"0.9167": [0, 0, 0.36],
						"1.2083": [17.5, 0, 15]
					}
				}
			}
		}
	}
}