{
    "nun_move": {
        "category": "neutral",
        "sounds": [
            "sounds/nun/move"
        ]
    },
    "nun_attack": {
        "category": "neutral",
        "sounds": [
            "sounds\/nun\/attack"
        ]
    },
    "mike_scream": {
        "category": "neutral",
        "sounds": [
            "sounds\/mike\/died"
        ]
    },
    "j_scream": {
        "category": "neutral",
        "sounds": [
            "sounds\/j\/j_dead"
        ]
    },
    "rod_attack": {
        "category": "neutral",
        "sounds": [
            "sounds\/rod\/rod_attack"
        ]
    },
    "nun": {
        "category": "neutral",
        "sounds": [
            "sounds\/nun\/nun1",
            "sounds\/nun\/nun2",
            "sounds\/nun\/nun3",
            "sounds\/nun\/nun4"
        ]
    },
    "rod": {
        "category": "neutral",
        "sounds": [
            "sounds\/rod\/idle1",
            "sounds\/rod\/idle2",
            "sounds\/rod\/idle3",
            "sounds\/rod\/idle4",
            "sounds\/rod\/idle5"
        ]
    },
    "mike_idle": {
        "category": "neutral",
        "sounds": [
            "sounds\/mike\/idle1",
            "sounds\/mike\/idle2",
            "sounds\/mike\/idle3"
        ]
    },
    "mike_hit": {
        "category": "neutral",
        "sounds": [
            "sounds\/mike\/hit1",
            "sounds\/mike\/hit2"
        ]
    },
    "rod_death": {
        "category": "neutral",
        "sounds": [
            "sounds\/rod\/death1"
        ]
    },
    "rod_hurt": {
        "category": "neutral",
        "sounds": [
            "sounds\/rod\/hurt1",
            "sounds\/rod\/hurt2"
        ]
    },
    "matilda_warning": {
        "category": "neutral",
        "sounds": [
            "sounds\/matilda\/matilda_warning"
        ]
    },
    "rod_warning": {
        "category": "neutral",
        "sounds": [
            "sounds\/rod\/chase_ice"
        ]
    },
    "matilda": {
        "category": "neutral",
        "sounds": [
            "sounds\/matilda\/matilda1",
            "sounds\/matilda\/matilda2",
            "sounds\/matilda\/matilda3",
            "sounds\/matilda\/matilda4",
            "sounds\/matilda\/matilda5"
        ]
    },
    "matilda_attack": {
        "category": "neutral",
        "sounds": [
            "sounds/matilda/matilda_attack"
        ]
    },
    "gummy": {
        "category": "neutral",
        "sounds": [
            "sounds/gummy"
        ]
    },
    "gummy_move": {
        "category": "neutral",
        "sounds": [
            "sounds/gummy/gummy_move"
        ]
    }
}