{
  "format_version": "1.10.0",
  "minecraft:client_entity": {
    "description": {
      "identifier": "en:blood",
      "materials": { 
	    "default": "zombie"
	  },
      "textures": {
        "default": "textures/entities/blood"
      },
      "geometry": {
        "default": "geometry.blood"
      },
      "animations": {
        "move": "h",
        "cooldown": "g",
        "idle": "()",
        "attack": "h"
      },
      "scripts": {
        "animate": [
          {"move": "query.variant == 0"},
          {"idle": "query.variant == 0"},
          {"cooldown": "query.variant == 1"},
          {"attack": "variable.attack==0"}
        ]
      },
      "render_controllers": [ "controller.render.default" ],
      "spawn_egg": {
				"base_color": "#FF0000",
				"overlay_color": "#000000"
      }
    }
  }
}