{
  "format_version": "1.10.0",
  "minecraft:client_entity": {
    "description": {
      "identifier": "en:gummy",
      "materials": { 
	    "default": "zombie"
	  },
      "textures": {
        "default": "textures/entities/gummy"
      },
      "geometry": {
        "default": "geometry.gummy"
      },
      "animations": {
        "move": "animation.gummy.move",
        "cooldown": "animation.gummy.down",
        "idle": "()",
        "attack": "animation.evil_nun.attack"
      },
      "scripts": {
        "animate": [
          {"move": "query.variant == 0"},
          {"idle": "query.variant == 0"},
          {"cooldown": "query.variant == 1"},
          {"attack": "variable.attack==0"}
        ]
      },
      "render_controllers": [ "controller.render.default" ],
			"spawn_egg": {
        "texture": "spawn",
        "texture_index": 0
      }
    }
  }
}