{
  "format_version": "1.8.0",
  "minecraft:client_entity": {
    "description": {
      "identifier": "en:gummy_rest",
      "materials": {
        "default": "zombie"
      },
      "textures": {
        "default": "textures/entities/gummy"
      },
      "geometry": {
        "default": "geometry.gummy_rest"
      },
      "spawn_egg": {
				"base_color": "#FF0000",
				"overlay_color": "#000000"
      },
      "scripts": {
        "pre_animation": [
          "variable.tcos0 = (Math.cos(query.modified_distance_moved * 38.17) * query.modified_move_speed / variable.gliding_speed_value) * 57.3;"
        ]
      },
      "animations": {
        "casting": "animation.gummy.down"
      },
      "animation_controllers": [
        { "casting": "animation.gummy.down" }
      ],
      "render_controllers": [ "controller.render.default" ],
      "enable_attachables": true
    }
  }
}
