{
  "format_version": "1.16.100",
  "minecraft:item": {
    "description": {
      "identifier": "en:evil_nun",
      "category": "equipment"
    },
    "components": {
      "minecraft:max_stack_size": 1,
      "minecraft:enchantable": {
        "value": 15,
        "slot": "armor_head"
      },
      "minecraft:display_name": {
        "value": "item.en:evil_nun.name"
      },
      "minecraft:durability": {
        "max_durability": 125
      },
      "minecraft:armor": {
        "protection": 3
      },
      "minecraft:wearable": {
        "slot": "slot.armor.head"
      },
      "minecraft:creative_category": {
        "parent": "itemGroup.name.helmet"
      },
      "minecraft:icon": {
        "texture": "spawn"
      },
      "minecraft:render_offsets": "helmets"
    }
  }
}